0.000;1988;4103;2000.00;4000.00
0.060;1860;4246;1988.58;3999.97
0.114;2226;4065;1977.15;3999.87
0.174;2124;4326;1965.73;3999.71
0.235;2138;4143;1954.31;3999.48
0.294;1855;4325;1942.89;3999.18
0.361;1906;3999;1931.47;3998.83
0.428;1976;4240;1920.05;3998.40
0.481;2076;4231;1908.64;3997.91
0.548;1889;4391;1897.23;3997.36
0.611;1652;4199;1885.82;3996.74
0.677;1718;4538;1874.42;3996.05
0.741;2037;4330;1863.02;3995.30
0.805;1764;2824;1851.62;3994.49
0.867;1615;4054;1840.23;3993.61
0.927;1845;4112;1828.85;3992.66
0.993;1846;4091;1817.47;3991.65
1.059;1901;4173;1806.10;3990.58
1.123;1493;2742;1794.73;3989.44
1.181;2027;4300;1783.37;3988.23
1.243;1678;2868;1772.02;3986.96
1.305;1903;4776;1760.67;3985.63
1.366;1793;4332;1749.33;3984.23
1.428;1760;4538;1738.00;3982.77
1.488;1476;4461;1726.68;3981.24
1.554;1233;4473;1715.37;3979.64
1.617;1572;4658;1704.07;3977.98
1.685;1519;4093;1692.77;3976.26
1.754;1673;4219;1681.49;3974.48
1.823;1780;4180;1670.22;3972.62
1.890;1955;4127;1658.96;3970.71
1.953;1839;3945;1647.70;3968.73
2.015;1641;4180;1636.47;3966.68
2.076;1583;4161;1625.24;3964.57
2.142;2001;4298;1614.02;3962.40
2.201;1817;3985;1602.82;3960.17
2.269;1579;3968;1591.63;3957.86
2.333;1544;4026;1580.45;3955.50
2.394;1715;4060;1569.29;3953.07
2.456;1490;3918;1558.14;3950.58
2.522;1824;3969;1547.01;3948.02
2.589;1823;4014;1535.89;3945.40
2.653;1602;4238;1524.78;3942.72
2.716;1819;4149;1513.69;3939.98
2.786;1672;4269;1502.62;3937.17
2.854;1671;4311;1491.56;3934.29
2.919;1694;3957;1480.52;3931.36
2.984;1366;4213;1469.50;3928.36
3.055;1397;4227;1458.49;3925.30
3.117;1551;4039;1447.51;3922.17
3.178;1384;4244;1436.53;3918.99
3.246;1635;4290;1425.58;3915.74
3.316;1284;3973;1414.65;3912.42
3.384;1341;4147;1403.74;3909.05
3.448;1262;3934;1392.84;3905.61
3.509;1198;4145;1381.97;3902.11
3.579;954;2717;1371.11;3898.55
3.634;1541;4211;1360.28;3894.93
3.694;1426;3959;1349.46;3891.24
3.761;1369;4068;1338.67;3887.50
3.828;1277;4030;1327.90;3883.69
3.888;1148;4122;1317.15;3879.82
3.955;1011;2413;1306.43;3875.89
4.062;1300;3975;1285.04;3867.84
4.126;1161;4189;1274.38;3863.73
4.184;1629;4205;1263.75;3859.55
4.241;1362;3866;1253.14;3855.32
4.304;1336;4217;1242.56;3851.02
4.371;1220;3987;1232.00;3846.66
4.439;1248;4281;1221.46;3842.25
4.505;1332;4193;1210.95;3837.77
4.573;1243;4039;1200.47;3833.23
4.644;1251;4085;1190.01;3828.64
4.701;1332;3886;1179.58;3823.98
4.768;1384;3853;1169.17;3819.26
4.835;1324;3913;1158.79;3814.49
4.902;1566;4238;1148.44;3809.65
4.976;1351;3966;1138.12;3804.76
5.043;1276;3997;1127.82;3799.81
5.104;1267;4040;1117.56;3794.80
5.169;1347;4110;1107.32;3789.73
5.231;1113;3829;1097.11;3784.60
5.292;1119;3809;1086.93;3779.41
5.355;1300;3874;1076.78;3774.17
5.421;1182;3732;1066.67;3768.87
5.486;1111;3889;1056.58;3763.51
5.547;1058;3934;1046.52;3758.09
5.608;980;2858;1036.49;3752.61
5.662;1144;3860;1026.50;3747.08
5.726;1394;3724;1016.53;3741.49
5.786;1169;4021;1006.60;3735.85
5.847;1408;4017;996.70;3730.14
5.906;1300;3973;986.84;3724.38
5.967;876;3739;977.00;3718.57
6.030;1291;4129;967.21;3712.70
6.096;1189;3880;957.44;3706.77
6.163;1211;3707;947.71;3700.79
6.225;992;3908;938.01;3694.75
6.295;1028;3889;928.35;3688.66
6.358;1092;3783;918.72;3682.51
6.421;1221;3735;909.13;3676.30
6.481;1294;3795;899.57;3670.05
6.542;1265;4053;890.05;3663.73
6.609;965;2627;880.56;3657.37
6.664;1099;3785;871.11;3650.94
6.731;1005;3378;861.70;3644.47
6.801;584;3572;852.33;3637.94
6.866;568;3763;842.99;3631.36
6.933;745;3517;833.69;3624.72
7.004;665;3698;824.43;3618.03
7.071;844;3596;815.21;3611.29
7.136;790;3525;806.02;3604.50
7.203;646;3668;796.88;3597.65
7.273;664;3496;787.77;3590.75
7.342;440;3898;778.70;3583.80
7.394;755;3339;769.68;3576.80
7.461;833;3704;760.69;3569.75
7.532;855;3569;751.74;3562.64
7.606;510;2726;742.84;3555.49
7.692;334;2930;733.98;3548.28
7.759;576;3569;725.15;3541.03
7.856;630;3358;716.37;3533.72
7.921;474;3635;707.63;3526.36
7.995;754;3582;698.93;3518.96
8.066;610;3396;690.28;3511.50
8.146;721;3286;681.67;3503.99
8.215;652;3513;673.10;3496.44
8.287;515;3473;664.57;3488.83
8.354;686;3451;656.09;3481.18
8.422;554;3490;647.65;3473.48
8.492;626;3374;639.26;3465.73
8.561;579;3406;630.91;3457.94
8.638;427;3578;622.60;3450.09
8.704;694;3218;614.34;3442.20
8.770;431;3257;606.12;3434.26
8.859;688;3461;597.96;3426.28
8.927;357;3182;589.83;3418.25
8.999;410;3378;581.75;3410.17
9.064;354;3344;573.72;3402.04
9.134;675;3413;565.74;3393.88
9.203;449;3369;557.80;3385.66
9.267;579;3209;549.91;3377.40
9.339;567;3196;542.06;3369.09
9.428;692;3310;534.27;3360.74
9.495;360;3431;526.52;3352.35
9.565;546;3375;518.82;3343.91
9.672;343;3404;511.17;3335.43
9.742;528;3474;503.56;3326.90
9.816;455;3362;496.01;3318.33
9.883;418;3177;488.50;3309.72
9.952;504;2919;481.04;3301.07
10.015;674;3479;473.64;3292.37
10.075;557;3473;466.28;3283.63
10.135;396;3351;458.97;3274.85
10.202;650;3380;451.72;3266.02
10.278;736;3180;444.51;3257.16
10.352;434;3131;437.36;3248.26
10.419;448;3501;430.25;3239.31
10.487;29;3324;423.20;3230.32
10.549;327;3188;416.20;3221.30
10.632;111;3036;409.25;3212.23
10.697;274;3161;402.35;3203.12
10.765;218;3168;395.50;3193.98
10.837;10;3049;388.71;3184.79
10.905;13;3283;381.97;3175.57
10.983;298;3216;375.28;3166.31
11.054;176;3061;368.64;3157.01
11.123;410;3262;362.06;3147.67
11.208;377;3194;355.53;3138.30
11.272;267;3020;349.06;3128.89
11.344;190;3255;342.63;3119.44
11.418;3;3037;336.27;3109.95
11.488;227;3028;329.95;3100.43
11.555;281;3119;323.70;3090.87
11.632;219;3295;317.49;3081.28
11.703;69;3275;311.34;3071.65
11.769;148;3182;305.25;3061.99
11.842;294;3215;299.21;3052.29
11.912;162;3075;293.23;3042.56
11.981;198;2949;287.30;3032.79
12.059;92;2859;281.43;3023.00
12.130;259;3023;275.62;3013.16
12.198;203;3090;269.86;3003.30
12.286;66;2991;264.15;2993.40
12.370;28;2954;258.51;2983.47
12.450;115;2942;252.92;2973.50
12.516;-179;2823;247.39;2963.51
12.590;-65;2980;241.91;2953.48
12.665;87;2877;236.49;2943.42
12.732;-1;2973;231.13;2933.33
12.832;-192;3024;225.83;2923.22
12.900;-105;2820;220.59;2913.07
12.975;-155;3081;215.40;2902.89
13.047;-108;2885;210.27;2892.68
13.117;-13;2791;205.20;2882.44
13.186;-127;2865;200.19;2872.18
13.257;-86;2725;195.24;2861.88
13.332;-24;2779;190.35;2851.56
13.402;-175;3014;185.51;2841.21
13.474;-81;2816;180.74;2830.83
13.543;-258;2697;176.02;2820.42
13.619;-82;2764;171.36;2809.99
13.686;46;2898;166.77;2799.53
13.752;-196;2663;162.23;2789.05
13.824;-93;2817;157.75;2778.54
13.896;-116;3003;153.34;2768.00
13.970;43;2691;148.98;2757.44
14.032;-253;2677;144.68;2746.86
14.101;-157;2737;140.45;2736.25
14.168;34;2649;136.27;2725.62
14.232;-75;2786;132.16;2714.96
14.303;1;2871;128.10;2704.28
14.371;-7;2637;124.11;2693.57
14.438;-1;2597;120.18;2682.85
14.502;-306;2802;116.31;2672.10
14.583;-398;2568;112.50;2661.33
14.668;-107;2594;108.76;2650.54
14.736;-362;2835;105.07;2639.72
14.809;20;2695;101.45;2628.89
14.880;-60;2529;97.89;2618.03
14.953;-188;2873;94.39;2607.16
15.030;-197;2685;90.95;2596.26
15.098;-436;2509;87.58;2585.35
15.168;-217;2612;84.26;2574.42
15.234;-257;2666;81.01;2563.47
15.303;-242;2638;77.83;2552.49
15.370;-313;2616;74.70;2541.51
15.439;-88;2768;71.64;2530.50
15.509;-178;2731;68.64;2519.48
15.579;-230;2749;65.71;2508.44
15.656;-207;2467;62.83;2497.38
15.726;-385;2561;60.02;2486.31
15.800;-111;2596;57.28;2475.22
15.870;-279;2547;54.60;2464.11
15.938;-271;2522;51.98;2452.99
16.008;-118;2379;49.42;2441.86
16.084;-482;2492;46.93;2430.71
16.150;-352;2647;44.50;2419.55
16.214;-167;2599;42.14;2408.37
16.289;-109;2312;39.83;2397.18
16.363;-229;2681;37.60;2385.98
16.432;-66;2284;35.43;2374.76
16.502;106;2297;33.32;2363.53
16.573;50;2619;31.27;2352.30
16.647;-30;2278;29.29;2341.04
16.717;99;2517;27.38;2329.78
16.786;162;2435;25.52;2318.51
16.886;68;2363;23.74;2307.23
16.945;-122;2508;22.02;2295.93
17.016;-240;2562;20.36;2284.63
17.084;-95;2453;18.76;2273.32
17.152;-185;2385;17.23;2262.00
17.219;-75;2218;15.77;2250.67
17.285;-210;2442;14.37;2239.33
17.361;-461;2336;13.04;2227.98
17.433;-252;2543;11.77;2216.63
17.497;-152;2267;10.56;2205.27
17.566;-451;2135;9.42;2193.90
17.663;-219;2136;8.35;2182.53
17.756;-136;2173;7.34;2171.15
17.828;-287;1963;6.39;2159.77
17.900;-133;1977;5.51;2148.38
17.965;-236;1915;4.70;2136.98
18.036;-192;2008;3.95;2125.58
18.103;-359;2030;3.26;2114.18
18.176;-460;1914;2.64;2102.77
18.250;-172;2146;2.09;2091.36
18.321;-280;1956;1.60;2079.95
18.409;-364;2394;1.17;2068.53
18.486;-201;1900;0.82;2057.11
18.552;-134;1893;0.52;2045.69
18.626;-6;1957;0.29;2034.27
18.685;79;2191;0.13;2022.85
18.753;30;1847;0.03;2011.42
18.827;67;2016;0.00;2000.00
18.899;-344;2053;0.03;1988.58
18.971;-178;1964;0.13;1977.15
19.042;-79;2002;0.29;1965.73
19.115;-306;2090;0.52;1954.31
19.181;-120;1858;0.82;1942.89
19.269;-106;2065;1.17;1931.47
19.346;-296;2246;1.60;1920.05
19.416;-66;2226;2.09;1908.64
19.481;-91;2325;2.64;1897.23
19.551;-229;1933;3.26;1885.82
19.629;-435;2167;3.95;1874.42
19.701;-249;2123;4.70;1863.02
19.772;-110;2030;5.51;1851.62
19.847;-356;1788;6.39;1840.23
19.918;-415;1891;7.34;1828.85
19.992;-199;1795;8.35;1817.47
20.064;-382;1805;9.42;1806.10
20.135;-399;1795;10.56;1794.73
20.207;-114;1810;11.77;1783.37
20.279;-352;2116;13.04;1772.02
20.353;-208;1893;14.37;1760.67
20.423;-435;1986;15.77;1749.33
20.495;-143;1916;17.23;1738.00
20.567;-23;1960;18.76;1726.68
20.645;-221;1780;20.36;1715.37
20.710;-247;1754;22.02;1704.07
20.775;-212;1760;23.74;1692.77
20.852;-147;1976;25.52;1681.49
20.923;-19;1935;27.38;1670.22
20.989;-139;1911;29.29;1658.96
21.059;-18;1634;31.27;1647.70
21.127;-264;1686;33.32;1636.47
21.199;-90;1645;35.43;1625.24
21.266;-112;1873;37.60;1614.02
21.367;-219;1771;39.83;1602.82
21.438;-238;1658;42.14;1591.63
21.514;-125;1686;44.50;1580.45
21.582;-94;1838;46.93;1569.29
21.659;-193;1506;49.42;1558.14
21.735;-53;1714;51.98;1547.01
21.796;-174;1587;54.60;1535.89
21.863;-90;1558;57.28;1524.78
21.928;-101;1841;60.02;1513.69
22.000;-378;1868;62.83;1502.62
22.068;-428;1829;65.71;1491.56
22.130;-407;1648;68.64;1480.52
22.200;-216;1537;71.64;1469.50
22.263;-144;1595;74.70;1458.49
22.332;-123;1485;77.83;1447.51
22.399;-3;1773;81.01;1436.53
22.465;-182;1436;84.26;1425.58
22.533;-165;1657;87.58;1414.65
22.599;-309;1444;90.95;1403.74
22.686;-32;1213;94.39;1392.84
22.755;-32;1415;97.89;1381.97
22.830;-143;1243;101.45;1371.11
22.918;-260;1180;105.07;1360.28
22.977;-73;1501;108.76;1349.46
23.043;-145;1319;112.50;1338.67
23.113;-221;1083;116.31;1327.90
23.182;-18;1337;120.18;1317.15
23.249;62;1124;124.11;1306.43
23.320;36;1309;128.10;1295.72
23.394;0;1260;132.16;1285.04
23.463;-96;1246;136.27;1274.38
23.532;-104;1417;140.45;1263.75
23.601;-261;1153;144.68;1253.14
23.681;-157;1257;148.98;1242.56
23.746;5;1351;153.34;1232.00
23.840;-133;1396;157.75;1221.46
23.909;-244;1375;162.23;1210.95
23.980;-286;1093;166.77;1200.47
24.068;50;1391;171.36;1190.01
24.139;69;1424;176.02;1179.58
24.211;88;1317;180.74;1169.17
24.283;77;1253;185.51;1158.79
24.361;115;1167;190.35;1148.44
24.432;-212;1065;195.24;1138.12
24.504;-115;1064;200.19;1127.82
24.591;-15;1208;205.20;1117.56
24.691;25;1012;210.27;1107.32
24.763;-239;1201;215.40;1097.11
24.835;110;1174;220.59;1086.93
24.920;78;1289;225.83;1076.78
24.999;-215;781;231.13;1066.67
25.064;21;1226;236.49;1056.58
25.131;100;1203;241.91;1046.52
25.198;-31;1217;247.39;1036.49
25.268;-222;979;252.92;1026.50
25.339;-85;1204;258.51;1016.53
25.411;-128;941;264.15;1006.60
25.484;-270;1002;269.86;996.70
25.568;-152;1268;275.62;986.84
25.645;-291;1189;281.43;977.00
25.713;-156;953;287.30;967.21
25.782;31;973;293.23;957.44
25.855;31;1126;299.21;947.71
25.944;-234;879;305.25;938.01
26.023;-170;883;311.34;928.35
26.092;-36;832;317.49;918.72
26.176;16;1082;323.70;909.13
26.245;126;707;329.95;899.57
26.311;-98;1129;336.27;890.05
26.381;-103;1120;342.63;880.56
26.445;-143;1116;349.06;871.11
26.515;-272;798;355.53;861.70
26.581;-39;913;362.06;852.33
26.654;-157;985;368.64;842.99
26.726;-177;816;375.28;833.69
26.795;-187;1104;381.97;824.43
26.869;-16;728;388.71;815.21
26.936;56;688;395.50;806.02
27.021;6;760;402.35;796.88
27.112;962;-1001;409.25;787.77
27.178;3;723;416.20;778.70
27.248;-120;850;423.20;769.68
27.320;-32;819;430.25;760.69
27.387;-143;852;437.36;751.74
27.457;639;-831;444.51;742.84
27.570;70;891;458.97;725.15
27.661;-18;804;466.28;716.37
27.731;390;892;473.64;707.63
27.801;201;915;481.04;698.93
27.873;158;878;488.50;690.28
27.945;688;516;496.01;681.67
28.013;415;411;503.56;673.10
28.077;270;815;511.17;664.57
28.147;358;861;518.82;656.09
28.210;495;898;526.52;647.65
28.299;342;537;534.27;639.26
28.369;279;598;542.06;630.91
28.442;209;974;549.91;622.60
28.515;693;745;557.80;614.34
28.581;153;1053;565.74;606.12
28.646;476;564;573.72;597.96
28.712;465;570;581.75;589.83
28.780;684;709;589.83;581.75
28.848;540;408;597.96;573.72
28.913;607;504;606.12;565.74
28.987;519;589;614.34;557.80
29.059;703;726;622.60;549.91
29.127;494;593;630.91;542.06
29.193;554;782;639.26;534.27
29.278;757;680;647.65;526.52
29.369;404;619;656.09;518.82
29.442;689;758;664.57;511.17
29.514;718;484;673.10;503.56
29.580;1151;-728;681.67;496.01
29.647;443;567;690.28;488.50
29.720;615;672;698.93;481.04
29.792;810;559;707.63;473.64
29.861;479;401;716.37;466.28
29.930;987;-539;725.15;458.97
29.991;511;156;733.98;451.72
30.063;563;412;742.84;444.51
30.151;466;538;751.74;437.36
30.241;786;213;760.69;430.25
30.310;578;296;769.68;423.20
30.389;772;342;778.70;416.20
30.460;881;362;787.77;409.25
30.524;539;-2;796.88;402.35
30.599;568;278;806.02;395.50
30.681;532;387;815.21;388.71
30.748;809;163;824.43;381.97
30.823;944;259;833.69;375.28
30.892;651;215;842.99;368.64
30.981;676;77;852.33;362.06
31.051;743;228;861.70;355.53
31.117;717;369;871.11;349.06
31.188;847;355;880.56;342.63
31.248;1053;418;890.05;336.27
31.318;871;291;899.57;329.95
31.386;769;412;909.13;323.70
31.454;964;436;918.72;317.49
31.529;901;26;928.35;311.34
31.597;744;380;938.01;305.25
31.670;994;381;947.71;299.21
31.756;725;106;957.44;293.23
31.835;1076;262;967.21;287.30
31.906;893;279;977.00;281.43
31.972;755;16;986.84;275.62
32.040;804;90;996.70;269.86
32.123;1020;337;1006.60;264.15
32.197;826;208;1016.53;258.51
32.267;1166;119;1026.50;252.92
32.365;1193;153;1036.49;247.39
32.439;824;175;1046.52;241.91
32.511;982;3;1056.58;236.49
32.577;809;-24;1066.67;231.13
32.650;1124;-45;1076.78;225.83
32.716;961;18;1086.93;220.59
32.782;1121;208;1097.11;215.40
32.875;1128;149;1107.32;210.27
32.943;1129;104;1117.56;205.20
33.014;1088;-238;1127.82;200.19
33.084;1155;74;1138.12;195.24
33.153;1046;29;1148.44;190.35
33.215;1223;-31;1158.79;185.51
33.291;1025;-202;1169.17;180.74
33.364;1145;154;1179.58;176.02
33.430;988;-83;1190.01;171.36
33.519;1199;280;1200.47;166.77
33.596;1122;74;1210.95;162.23
33.671;921;155;1221.46;157.75
33.736;1288;-83;1232.00;153.34
33.807;1091;54;1242.56;148.98
33.880;1288;-94;1253.14;144.68
33.948;997;-105;1263.75;140.45
34.014;985;40;1274.38;136.27
34.099;1080;-118;1285.04;132.16
34.170;1063;101;1295.72;128.10
34.241;1231;-156;1306.43;124.11
34.310;1208;-517;1317.15;120.18
34.380;1372;-1;1327.90;116.31
34.447;1208;86;1338.67;112.50
34.535;1503;-48;1349.46;108.76
34.610;1438;-376;1360.28;105.07
34.682;1450;-202;1371.11;101.45
34.752;1049;-200;1381.97;97.89
34.834;1333;-199;1392.84;94.39
34.905;1632;41;1403.74;90.95
34.979;1286;-112;1414.65;87.58
35.050;1463;-81;1425.58;84.26
35.119;1324;-345;1436.53;81.01
35.193;1376;27;1447.51;77.83
35.262;1040;-195;1458.49;74.70
35.333;1421;-232;1469.50;71.64
35.402;1543;-448;1480.52;68.64
35.474;1715;-34;1491.56;65.71
35.543;1564;-349;1502.62;62.83
35.615;1276;-372;1513.69;60.02
35.692;1761;-176;1524.78;57.28
35.776;1435;-158;1535.89;54.60
35.851;1471;-376;1547.01;51.98
35.922;1562;-21;1558.14;49.42
35.992;1708;-130;1569.29;46.93
36.062;1563;-457;1580.45;44.50
36.128;1475;-404;1591.63;42.14
36.195;1736;-79;1602.82;39.83
36.256;1678;-75;1614.02;37.60
36.329;1577;-141;1625.24;35.43
36.398;1530;-64;1636.47;33.32
36.465;1461;-375;1647.70;31.27
36.553;1552;-369;1658.96;29.29
36.627;1492;-53;1670.22;27.38
36.705;1395;-364;1681.49;25.52
36.774;1803;-371;1692.77;23.74
36.844;1508;-125;1704.07;22.02
36.909;1660;-49;1715.37;20.36
36.978;1639;-367;1726.68;18.76
37.045;1877;-115;1738.00;17.23
37.112;1565;-117;1749.33;15.77
37.180;1509;-349;1760.67;14.37
37.248;1609;-367;1772.02;13.04
37.323;1829;-224;1783.37;11.77
37.391;1581;-421;1794.73;10.56
37.467;1496;-159;1806.10;9.42
37.535;1551;-390;1817.47;8.35
37.595;1958;-357;1828.85;7.34
37.670;1845;-464;1840.23;6.39
37.736;1878;-452;1851.62;5.51
37.807;1594;-286;1863.02;4.70
37.875;1703;-166;1874.42;3.95
37.950;1643;-125;1885.82;3.26
38.017;1912;-281;1897.23;2.64
38.089;2012;-479;1908.64;2.09
38.164;1724;-400;1920.05;1.60
38.230;1913;-398;1931.47;1.17
38.295;1737;-389;1942.89;0.82
38.370;1798;-328;1954.31;0.52
38.441;1756;-436;1965.73;0.29
38.512;1996;-413;1977.15;0.13
38.581;1889;-51;1988.58;0.03
38.658;1935;-272;2000.00;0.00
38.725;2228;-505;2013.16;0.00
38.800;2178;-461;2026.32;0.00
38.871;2086;-107;2039.48;0.00
38.942;2194;-260;2052.64;0.00
39.017;2213;-138;2065.80;0.00
39.087;2076;-423;2078.96;0.00
39.171;2209;-286;2092.12;0.00
39.242;2166;-458;2105.28;0.00
39.311;2148;-429;2118.44;0.00
39.384;1989;-416;2131.60;0.00
39.455;2069;-417;2144.76;0.00
39.525;2349;-308;2157.92;0.00
39.614;2492;-332;2171.08;0.00
39.709;2231;-115;2184.24;0.00
39.776;2105;-183;2197.40;0.00
39.852;1912;-465;2210.56;0.00
39.924;2158;-393;2223.72;0.00
39.986;2133;-358;2236.88;0.00
40.057;2308;-128;2250.04;0.00
40.126;2444;-217;2263.20;0.00
40.199;2283;-333;2276.36;0.00
40.269;1918;-310;2289.52;0.00
40.366;2298;-339;2302.68;0.00
40.437;2198;-392;2315.84;0.00
40.511;2286;-370;2329.00;0.00
40.584;2346;-204;2342.16;0.00
40.662;2428;-138;2355.32;0.00
40.734;2092;-327;2368.48;0.00
40.801;2242;-395;2381.64;0.00
40.874;2193;-307;2394.80;0.00
40.941;2325;-354;2407.96;0.00
41.009;2355;-208;2421.12;0.00
41.077;2576;-451;2434.28;0.00
41.143;2253;-152;2447.44;0.00
41.210;2568;-236;2460.60;0.00
41.285;2274;-342;2473.76;0.00
41.355;2481;-307;2486.92;0.00
41.424;2176;-192;2500.08;0.00
41.500;2361;-151;2513.24;0.00
41.569;2298;-291;2526.40;0.00
41.644;2452;-188;2539.56;0.00
41.708;2460;-384;2552.72;0.00
41.776;2320;-191;2565.88;0.00
41.848;2589;-399;2579.04;0.00
41.914;2520;-234;2592.20;0.00
41.998;2633;-220;2605.36;0.00
42.061;2426;-104;2618.52;0.00
42.131;2271;-256;2631.68;0.00
42.202;2652;-320;2644.84;0.00
42.264;2494;-160;2658.00;0.00
42.329;2481;-398;2671.16;0.00
42.401;2658;-295;2684.32;0.00
42.464;2532;-339;2697.48;0.00
42.533;2753;-374;2710.64;0.00
42.604;2554;-231;2723.80;0.00
42.681;2648;-122;2736.96;0.00
42.750;2770;-50;2750.12;0.00
42.817;2894;-258;2763.28;0.00
42.893;2731;-326;2776.44;0.00
42.978;2576;-53;2789.60;0.00
43.045;2859;-435;2802.76;0.00
43.111;2900;-478;2815.92;0.00
43.180;2862;-181;2829.08;0.00
43.271;2939;-541;2842.24;0.00
43.351;2875;-201;2855.40;0.00
43.427;2846;-152;2868.56;0.00
43.495;2713;-489;2881.72;0.00
43.565;2534;-414;2894.88;0.00
43.639;2487;-103;2908.04;0.00
43.711;2658;-68;2921.20;0.00
43.773;2707;-317;2934.36;0.00
43.845;2629;-434;2947.52;0.00
43.931;3038;-172;2960.68;0.00
44.007;2779;-514;2973.84;0.00
44.074;2702;-487;2987.00;0.00
44.141;3097;-380;3000.16;0.00
44.253;2845;-223;3026.48;0.00
44.326;2766;-182;3039.64;0.00
44.396;2920;-236;3052.80;0.00
44.465;2851;-433;3065.96;0.00
44.534;3007;-225;3079.12;0.00
44.608;2967;-256;3092.28;0.00
44.685;3194;-303;3105.44;0.00
44.773;2830;-77;3118.60;0.00
44.840;3210;-397;3131.76;0.00
44.906;3042;-401;3144.92;0.00
44.983;3028;-511;3158.08;0.00
45.069;3200;-289;3171.24;0.00
45.141;3263;-225;3184.40;0.00
45.211;3053;-376;3197.56;0.00
45.282;3244;-143;3210.72;0.00
45.345;3388;-616;3223.88;0.00
45.414;3334;-598;3237.04;0.00
45.488;3087;-491;3250.20;0.00
45.557;3266;-499;3263.36;0.00
45.627;3309;-478;3276.52;0.00
45.690;3250;-218;3289.68;0.00
45.764;3184;-498;3302.84;0.00
45.860;3161;-384;3316.00;0.00
45.926;2996;-119;3329.16;0.00
46.004;3184;-418;3342.32;0.00
46.072;2995;-398;3355.48;0.00
46.132;3355;-251;3368.64;0.00
46.203;3274;-153;3381.80;0.00
46.288;3408;-359;3394.96;0.00
46.361;3139;-235;3408.12;0.00
46.427;3260;-224;3421.28;0.00
46.492;3325;-139;3434.44;0.00
46.559;3431;-125;3447.60;0.00
46.637;3315;-323;3460.76;0.00
46.709;3346;-228;3473.92;0.00
46.776;3402;-104;3487.08;0.00
46.849;3075;-287;3500.24;0.00
46.908;3283;-213;3513.40;0.00
46.982;3187;-343;3526.56;0.00
47.055;3332;-94;3539.72;0.00
47.125;3543;-290;3552.88;0.00
47.202;3387;-222;3566.04;0.00
47.277;3591;-159;3579.20;0.00
47.356;3544;-138;3592.36;0.00
47.423;3601;-120;3605.52;0.00
47.497;3567;-387;3618.68;0.00
47.568;3553;-365;3631.84;0.00
47.644;3412;-312;3645.00;0.00
47.723;3687;-131;3658.16;0.00
47.788;3637;-157;3671.32;0.00
47.866;3396;-261;3684.48;0.00
47.933;3786;-330;3697.64;0.00
47.992;3706;-510;3710.80;0.00
48.052;3515;-233;3723.96;0.00
48.128;3739;-312;3737.12;0.00
48.194;3452;-150;3750.28;0.00
48.260;3668;-306;3763.44;0.00
48.333;3805;-359;3776.60;0.00
48.393;3673;-57;3789.76;0.00
48.463;3474;-445;3802.92;0.00
48.527;3462;-24;3816.08;0.00
48.605;3570;-355;3829.24;0.00
48.692;3717;-89;3842.40;0.00
48.769;3847;-246;3855.56;0.00
48.838;3843;-241;3868.72;0.00
48.922;3803;-87;3881.88;0.00
48.999;3920;-97;3895.04;0.00
49.083;3630;-13;3908.20;0.00
49.166;3752;-307;3921.36;0.00
49.237;3790;-294;3934.52;0.00
49.305;3593;-133;3947.68;0.00
49.378;3658;-395;3960.84;0.00
49.446;4008;-85;3974.00;0.00
49.518;3693;-75;3987.16;0.00
49.577;3945;-421;4000.32;0.00
49.643;3756;-54;4013.48;0.00
49.713;3856;-384;4026.64;0.00
49.773;3691;-329;4039.80;0.00
49.849;4075;-222;4052.96;0.00
49.917;3748;-449;4066.12;0.00
49.981;4071;-368;4079.28;0.00
50.062;3812;-143;4092.44;0.00
50.132;3717;-339;4105.60;0.00
50.208;4066;-368;4118.76;0.00
50.276;4197;-429;4131.92;0.00
50.349;3832;-261;4145.08;0.00
50.410;3850;-359;4158.24;0.00
50.478;4061;-373;4171.40;0.00
50.545;4125;-182;4184.56;0.00
50.605;4104;-495;4197.72;0.00
50.681;3973;-403;4210.88;0.00
50.754;4092;-442;4224.04;0.00
50.822;4133;-247;4237.20;0.00
50.893;4191;-102;4250.36;0.00
50.963;4141;-293;4263.52;0.00
51.032;3833;-418;4276.68;0.00
51.103;4066;-109;4289.84;0.00
51.174;4226;-277;4303.00;0.00
51.239;4072;-356;4316.16;0.00
51.309;4144;-359;4329.32;0.00
51.376;4148;-186;4342.48;0.00
51.443;4037;-546;4355.64;0.00
51.505;4077;-182;4368.80;0.00
51.575;4331;-276;4381.96;0.00
51.644;3860;-129;4395.12;0.00
51.707;4098;-360;4408.28;0.00
51.774;4206;-309;4421.44;0.00
51.845;4242;-169;4434.60;0.00
51.913;4314;-462;4447.76;0.00
51.985;4415;-326;4460.92;0.00
52.072;4104;-112;4474.08;0.00
52.144;4240;-382;4487.24;0.00
52.218;4243;-423;4500.40;0.00
52.287;4189;-301;4513.56;0.00
52.361;4287;-298;4526.72;0.00
52.436;4395;-136;4539.88;0.00
52.510;4253;-332;4553.04;0.00
52.581;4270;-128;4566.20;0.00
52.657;4210;-292;4579.36;0.00
52.734;4180;-205;4592.52;0.00
52.792;4299;-306;4605.68;0.00
52.887;4404;-212;4618.84;0.00
52.950;4271;-274;4632.00;0.00
53.020;4514;-238;4645.16;0.00
53.093;4563;-232;4658.32;0.00
53.161;4627;-421;4671.48;0.00
53.234;4483;-236;4684.64;0.00
53.303;4451;-409;4697.80;0.00
53.375;4539;-156;4710.96;0.00
53.442;4386;-271;4724.12;0.00
53.508;4384;-460;4737.28;0.00
53.574;4651;-478;4750.44;0.00
53.653;4257;-361;4763.60;0.00
53.719;4475;-397;4776.76;0.00
53.787;4445;-139;4789.92;0.00
53.859;4430;-280;4803.08;0.00
53.948;4628;-452;4816.24;0.00
54.021;4785;-178;4829.40;0.00
54.086;4842;-421;4842.56;0.00
54.156;4877;-573;4855.72;0.00
54.224;4678;-281;4868.88;0.00
54.290;4823;-568;4882.04;0.00
54.372;4999;-67;4895.20;0.00
54.436;4764;-365;4908.36;0.00
54.507;4731;-507;4921.52;0.00
54.573;4902;-394;4934.68;0.00
54.640;4940;-449;4947.84;0.00
54.714;4833;-345;4961.00;0.00
54.785;4902;-53;4974.16;0.00
54.858;4959;-185;4987.32;0.00
54.926;5056;-73;5000.48;0.00
54.994;4901;-343;5013.64;0.00
55.063;4782;-269;5026.80;0.00
55.123;4969;-265;5039.96;0.00
55.192;4854;-313;5053.12;0.00
55.258;5074;-314;5066.28;0.00
55.324;5039;-181;5079.44;0.00
55.396;5159;-213;5092.60;0.00
55.463;4849;-38;5105.76;0.00
55.533;5127;-54;5118.92;0.00
55.603;4977;-20;5132.08;0.00
55.676;4926;-318;5145.24;0.00
55.749;5008;-331;5158.40;0.00
55.817;4881;-167;5171.56;0.00
55.892;5242;-264;5184.72;0.00
55.958;5233;-391;5197.88;0.00
56.024;5228;-195;5211.04;0.00
56.091;4936;-359;5224.20;0.00
56.158;5050;-495;5237.36;0.00
56.225;5523;-567;5250.52;0.00
56.287;5057;-630;5263.68;0.00
56.362;5189;-506;5276.84;0.00
56.431;5326;-533;5290.00;0.00
56.502;5568;-166;5303.16;0.00
56.574;5297;-225;5316.32;0.00
56.652;5604;-128;5329.48;0.00
56.720;5318;-103;5342.64;0.00
56.791;5499;-450;5355.80;0.00
56.864;5157;-389;5368.96;0.00
56.935;5367;-318;5382.12;0.00
57.009;5349;-408;5395.28;0.00
57.078;5167;-131;5408.44;0.00
57.139;5194;-301;5421.60;0.00
57.225;5464;-260;5434.76;0.00
57.309;5619;35;5447.92;0.00
57.374;5398;-283;5461.08;0.00
57.444;5519;-207;5474.24;0.00
57.511;5517;-228;5487.40;0.00
57.581;5580;-220;5500.56;0.00
57.657;5518;-438;5513.72;0.00
57.727;5329;-107;5526.88;0.00
57.798;5646;-410;5540.04;0.00
57.878;5251;-358;5553.20;0.00
57.941;5643;-211;5566.36;0.00
58.018;5550;-480;5579.52;0.00
58.089;5444;-213;5592.68;0.00
58.155;5781;-267;5605.84;0.00
58.223;5773;-362;5619.00;0.00
58.290;5510;-118;5632.16;0.00
58.361;5707;-394;5645.32;0.00
58.429;5665;-200;5658.48;0.00
58.513;5616;-250;5671.64;0.00
58.583;5713;-389;5684.80;0.00
58.655;5535;-277;5697.96;0.00
58.719;5866;-48;5711.12;0.00
58.787;5619;-251;5724.28;0.00
58.857;5739;-233;5737.44;0.00
58.923;5702;-444;5750.60;0.00
58.989;5904;-222;5763.76;0.00
59.055;5858;-354;5776.92;0.00
59.122;5768;-460;5790.08;0.00
59.183;5687;-180;5803.24;0.00
59.252;5595;-164;5816.40;0.00
59.339;5805;-173;5829.56;0.00
59.430;5862;-66;5842.72;0.00
59.502;5812;-178;5855.88;0.00
59.590;5871;-132;5869.04;0.00
59.666;5686;-211;5882.20;0.00
59.741;5943;-18;5895.36;0.00
59.806;5994;-234;5908.52;0.00
59.884;5948;-26;5921.68;0.00
59.963;5971;-338;5934.84;0.00
60.035;5705;-335;5948.00;0.00
60.109;6041;-128;5961.16;0.00
60.171;5836;-525;5974.32;0.00
60.243;6065;-373;5987.48;0.00
60.315;5874;-138;6000.64;0.00
60.382;6069;-286;6000.00;0.00
60.451;6026;-103;6008.73;0.08
60.530;6040;-438;6017.45;0.30
60.601;5945;-313;6026.17;0.69
60.672;6012;-144;6034.88;1.22
60.739;6170;-88;6043.58;1.90
60.806;6076;-310;6052.26;2.74
60.897;6038;-183;6060.93;3.73
60.976;6010;-166;6069.59;4.87
61.047;5969;-239;6078.22;6.16
61.115;6009;-290;6086.82;7.60
61.175;5942;-283;6095.40;9.19
61.243;5975;-564;6103.96;10.93
61.308;5866;-367;6112.48;12.81
61.382;5853;-496;6120.96;14.85
61.451;6077;-156;6129.41;17.04
61.538;5998;-635;6137.82;19.37
61.605;6268;-433;6146.19;21.85
61.677;6252;-328;6154.51;24.47
61.752;5952;-440;6162.78;27.24
61.814;6070;-425;6171.01;30.15
61.889;6268;-158;6179.18;33.21
61.961;6051;-204;6187.30;36.41
62.021;6296;-450;6195.37;39.75
62.087;6109;-433;6203.37;43.23
62.153;5977;-171;6211.31;46.85
62.230;6209;-172;6219.19;50.60
62.300;6230;-206;6227.00;54.50
62.376;6011;-276;6234.74;58.53
62.442;6142;34;6242.40;62.69
62.510;6163;-252;6250.00;66.99
62.579;6386;-320;6257.52;71.42
62.667;6187;39;6264.96;75.98
62.737;6383;-286;6272.32;80.66
62.806;6070;14;6279.60;85.48
62.875;6188;63;6286.79;90.42
62.941;6047;-301;6293.89;95.49
63.009;6287;-62;6300.91;100.68
63.093;6049;-260;6307.83;105.99
63.164;6167;46;6314.66;111.43
63.234;6229;-212;6321.39;116.98
63.322;6318;-250;6328.03;122.65
63.410;6283;-107;6334.57;128.43
63.483;6329;45;6341.00;134.32
63.553;6390;-167;6347.33;140.33
63.621;6618;-106;6353.55;146.45
63.685;6594;154;6359.67;152.67
63.775;6388;-152;6365.68;159.00
63.848;6715;-118;6371.57;165.43
63.927;6359;-27;6377.35;171.97
64.007;6758;210;6383.02;178.61
64.091;6386;70;6388.57;185.34
64.172;6353;75;6394.01;192.17
64.247;6634;-112;6399.32;199.09
64.317;6711;-140;6404.51;206.11
64.387;6732;113;6409.58;213.21
64.454;6776;-74;6414.52;220.40
64.518;6572;59;6419.34;227.68
64.589;6630;204;6424.02;235.04
64.651;6329;212;6428.58;242.48
64.718;6316;321;6433.01;250.00
64.805;6735;390;6437.31;257.60
64.895;6856;299;6441.47;265.26
64.976;6604;483;6445.50;273.00
65.037;6600;176;6449.40;280.81
65.101;6692;168;6453.15;288.69
65.170;6917;382;6456.77;296.63
65.255;6840;276;6460.25;304.63
65.324;6491;283;6463.59;312.70
65.399;6485;318;6466.79;320.82
65.468;6745;224;6469.85;328.99
65.535;6508;208;6472.76;337.22
65.604;6641;547;6475.53;345.49
65.696;6502;296;6478.15;353.81
65.774;6383;316;6480.63;362.18
65.840;6432;198;6482.96;370.59
65.913;6404;461;6485.15;379.04
65.985;6512;298;6487.19;387.52
66.062;6397;304;6489.07;396.04
66.133;6369;133;6490.81;404.60
66.209;6511;221;6492.40;413.18
66.280;6598;307;6493.84;421.78
66.350;6339;79;6495.13;430.41
66.429;6463;214;6496.27;439.07
66.514;6642;104;6497.26;447.74
66.598;6734;269;6498.10;456.42
66.669;6694;425;6498.78;465.12
66.737;6730;320;6499.31;473.83
66.817;6599;284;6499.70;482.55
66.910;6338;220;6499.92;491.27
66.996;6455;413;6500.00;500.00
67.065;6765;357;6499.92;508.73
67.135;6613;331;6499.70;517.45
67.203;6816;408;6499.31;526.17
67.267;6706;348;6498.78;534.88
67.356;6651;523;6498.10;543.58
67.437;6860;645;6497.26;552.26
67.507;6725;269;6496.27;560.93
67.595;6539;312;6495.13;569.59
67.668;6877;646;6493.84;578.22
67.734;6757;254;6492.40;586.82
67.806;6922;489;6490.81;595.40
67.867;6865;272;6489.07;603.96
67.936;6863;432;6487.19;612.48
68.031;6742;673;6485.15;620.96
68.103;6640;369;6482.96;629.41
68.171;6817;453;6480.63;637.82
68.238;6498;582;6478.15;646.19
68.304;6743;679;6475.53;654.51
68.376;6565;517;6472.76;662.78
68.448;6563;657;6469.85;671.01
68.516;6713;741;6466.79;679.18
68.583;6634;512;6463.59;687.30
68.655;6612;538;6460.25;695.37
68.726;6493;810;6456.77;703.37
68.797;6618;524;6453.15;711.31
68.874;6565;524;6449.40;719.19
68.942;6472;689;6445.50;727.00
69.010;6656;797;6441.47;734.74
69.081;6518;626;6437.31;742.40
69.150;6635;483;6433.01;750.00
69.228;6790;445;6428.58;757.52
69.304;6447;618;6424.02;764.96
69.376;7081;852;6419.34;772.32
69.436;6418;492;6414.52;779.60
69.525;6391;637;6409.58;786.79
69.597;6554;698;6404.51;793.89
69.677;6474;569;6399.32;800.91
69.744;6529;697;6394.01;807.83
69.816;6430;671;6388.57;814.66
69.883;6581;922;6383.02;821.39
69.953;6597;855;6377.35;828.03
70.020;6570;600;6371.57;834.57
70.087;6397;738;6365.68;841.00
70.149;6320;548;6359.67;847.33
70.227;6531;646;6353.55;853.55
70.298;6418;873;6347.33;859.67
70.388;6625;921;6341.00;865.68
70.466;6434;590;6334.57;871.57
70.533;6182;808;6328.03;877.35
70.597;6554;894;6321.39;883.02
70.669;6407;723;6314.66;888.57
70.735;6283;927;6307.83;894.01
70.797;6270;954;6300.91;899.32
70.871;6199;664;6293.89;904.51
70.943;6183;872;6286.79;909.58
71.019;6168;715;6279.60;914.52
71.088;6406;712;6272.32;919.34
71.157;6194;753;6264.96;924.02
71.228;6260;652;6257.52;928.58
71.297;6146;945;6250.00;933.01
71.373;6305;728;6242.40;937.31
71.443;6101;910;6234.74;941.47
71.516;6227;830;6227.00;945.50
71.591;6265;937;6219.19;949.40
71.666;6223;1003;6211.31;953.15
71.733;5964;873;6203.37;956.77
71.802;5978;961;6195.37;960.25
71.875;6327;1002;6187.30;963.59
71.959;6071;1036;6179.18;966.79
72.025;6235;680;6171.01;969.85
72.096;6201;983;6162.78;972.76
72.166;6002;998;6154.51;975.53
72.235;6263;1003;6146.19;978.15
72.302;6020;941;6137.82;980.63
72.399;6220;752;6129.41;982.96
72.477;6069;789;6120.96;985.15
72.547;6072;928;6112.48;987.19
72.611;6222;704;6103.96;989.07
72.673;6131;628;6095.40;990.81
72.742;6128;849;6086.82;992.40
72.827;6046;972;6078.22;993.84
72.902;6142;665;6069.59;995.13
72.980;6180;611;6060.93;996.27
73.051;5972;808;6052.26;997.26
73.118;5852;728;6043.58;998.10
73.188;5879;576;6034.88;998.78
73.257;5915;839;6026.17;999.31
73.328;5959;773;6017.45;999.70
73.399;5939;715;6008.73;999.92
73.464;6190;808;6000.00;1000.00
73.532;6015;648;5986.84;1000.00
73.606;5789;853;5973.68;1000.00
73.680;6084;555;5960.52;1000.00
73.745;5922;802;5947.36;1000.00
73.821;6013;823;5934.20;1000.00
73.898;5867;720;5921.04;1000.00
73.969;6036;684;5907.88;1000.00
74.039;5983;589;5894.72;1000.00
74.109;5813;672;5881.56;1000.00
74.178;6015;961;5868.40;1000.00
74.251;5903;915;5855.24;1000.00
74.319;5750;938;5842.08;1000.00
74.392;5705;665;5828.92;1000.00
74.465;5908;866;5815.76;1000.00
74.534;5877;734;5802.60;1000.00
74.605;5868;783;5789.44;1000.00
74.683;5586;770;5776.28;1000.00
74.751;5921;595;5763.12;1000.00
74.817;5572;838;5749.96;1000.00
74.887;5687;563;5736.80;1000.00
74.953;5897;589;5723.64;1000.00
75.019;5491;606;5710.48;1000.00
75.086;5734;447;5697.32;1000.00
75.157;5744;617;5684.16;1000.00
75.224;5742;829;5671.00;1000.00
75.308;5763;847;5657.84;1000.00
75.391;5688;885;5644.68;1000.00
75.461;5593;903;5631.52;1000.00
75.525;5655;583;5618.36;1000.00
75.596;5753;821;5605.20;1000.00
75.668;5592;558;5592.04;1000.00
75.742;5613;852;5578.88;1000.00
75.812;5534;827;5565.72;1000.00
75.884;5748;689;5552.56;1000.00
75.954;5403;744;5539.40;1000.00
76.026;5619;828;5526.24;1000.00
76.095;5630;887;5513.08;1000.00
76.167;5443;919;5499.92;1000.00
76.229;5596;779;5486.76;1000.00
76.298;5623;685;5473.60;1000.00
76.375;5549;783;5460.44;1000.00
76.446;5440;593;5447.28;1000.00
76.509;5638;921;5434.12;1000.00
76.582;5341;756;5420.96;1000.00
76.652;5326;884;5407.80;1000.00
76.725;5433;666;5394.64;1000.00
76.794;5470;788;5381.48;1000.00
76.871;5241;954;5368.32;1000.00
76.939;5233;693;5355.16;1000.00
77.005;5509;896;5342.00;1000.00
77.072;5550;838;5328.84;1000.00
77.143;5515;949;5315.68;1000.00
77.230;5489;867;5302.52;1000.00
77.306;5493;826;5289.36;1000.00
77.382;5261;847;5276.20;1000.00
77.461;5141;847;5263.04;1000.00
77.542;5477;795;5249.88;1000.00
77.629;5180;798;5236.72;1000.00
77.713;5401;766;5223.56;1000.00
77.786;5402;886;5210.40;1000.00
77.860;5188;985;5197.24;1000.00
77.934;5205;676;5184.08;1000.00
78.019;5286;632;5170.92;1000.00
78.085;5129;695;5157.76;1000.00
78.151;4982;769;5144.60;1000.00
78.215;5123;937;5131.44;1000.00
78.284;5301;907;5118.28;1000.00
78.360;4940;671;5105.12;1000.00
78.430;5272;635;5091.96;1000.00
78.497;4943;942;5078.80;1000.00
78.571;4947;701;5065.64;1000.00
78.646;5037;911;5052.48;1000.00
78.724;4860;810;5000.00;1000.00
78.808;4914;792;4990.24;1000.05
78.880;5081;641;4980.49;1000.19
78.957;5060;658;4970.73;1000.43
79.025;4969;704;4960.98;1000.76
79.099;4831;911;4951.24;1001.19
79.166;4939;969;4941.49;1001.71
79.256;4821;828;4931.76;1002.33
79.331;4953;762;4922.03;1003.04
79.401;4933;763;4912.30;1003.85
79.464;4599;689;4902.59;1004.76
79.530;4899;1008;4892.88;1005.75
79.601;4959;973;4883.19;1006.85
79.690;4860;794;4873.51;1008.03
79.763;4642;560;4863.83;1009.31
79.835;4804;742;4854.17;1010.69
79.901;4646;634;4844.53;1012.16
79.973;4645;679;4834.90;1013.72
80.043;4817;819;4825.28;1015.38
80.117;4713;843;4815.69;1017.13
80.180;4629;760;4806.11;1018.98
80.263;4871;603;4796.54;1020.92
80.337;4828;601;4787.00;1022.95
80.411;4577;614;4777.48;1025.07
80.502;4711;657;4767.98;1027.29
80.575;4556;712;4758.50;1029.60
80.647;4794;830;4749.04;1032.00
80.745;4603;813;4739.61;1034.50
80.813;4639;518;4730.20;1037.08
80.884;4543;815;4720.82;1039.76
80.953;4490;610;4711.47;1042.53
81.044;4441;858;4702.14;1045.39
81.115;4653;688;4692.84;1048.34
81.182;4606;866;4683.57;1051.38
81.245;4457;970;4674.33;1054.52
81.315;4784;972;4665.12;1057.74
81.428;4589;879;4646.80;1064.45
81.496;4707;888;4637.69;1067.94
81.563;4761;872;4628.61;1071.52
81.637;4604;679;4619.57;1075.19
81.704;4410;879;4610.57;1078.95
81.780;4646;762;4601.60;1082.79
81.843;4756;843;4592.67;1086.72
81.924;4473;783;4583.78;1090.74
81.997;4516;406;4574.93;1094.84
82.061;4466;759;4566.12;1099.03
82.119;4561;850;4557.35;1103.31
82.185;4652;796;4548.62;1107.67
82.265;4486;862;4539.93;1112.11
82.333;4587;926;4531.29;1116.65
82.411;4586;893;4522.70;1121.26
82.499;4546;531;4514.15;1125.96
82.566;4380;837;4505.64;1130.74
82.633;4631;920;4497.19;1135.61
82.699;4602;918;4488.78;1140.55
82.787;4569;887;4480.42;1145.58
82.854;4298;1236;4472.10;1150.69
82.929;4400;984;4463.84;1155.88
82.999;4464;1117;4455.63;1161.15
83.065;4106;936;4447.48;1166.50
83.127;4280;918;4439.37;1171.93
83.197;4388;1126;4431.32;1177.44
83.263;4468;981;4423.32;1183.03
83.329;4305;1290;4415.38;1188.70
83.397;4473;1079;4407.49;1194.44
83.466;4541;1213;4399.66;1200.26
83.532;4241;1113;4391.88;1206.15
83.599;4455;988;4384.17;1212.12
83.670;4266;1148;4376.51;1218.17
83.737;4295;1087;4368.91;1224.29
83.805;4144;1006;4361.37;1230.48
83.880;4227;1170;4353.90;1236.75
83.973;4163;1102;4346.48;1243.09
84.042;4362;1121;4339.13;1249.50
84.111;4345;1164;4331.84;1255.99
84.182;4378;988;4324.61;1262.54
84.267;4129;1160;4317.45;1269.16
84.329;4588;972;4310.35;1275.86
84.400;4339;883;4303.32;1282.62
84.483;4492;1207;4296.35;1289.45
84.550;4595;1038;4289.45;1296.35
84.627;4349;1068;4282.62;1303.32
84.695;4632;1005;4275.86;1310.35
84.765;4304;1066;4269.16;1317.45
84.856;4468;868;4262.54;1324.61
84.948;4612;961;4255.99;1331.84
85.016;4642;835;4249.50;1339.13
85.093;4387;1109;4243.09;1346.48
85.162;4700;1217;4236.75;1353.90
85.231;4448;1173;4230.48;1361.37
85.300;4302;1097;4224.29;1368.91
85.374;4319;881;4218.17;1376.51
85.464;4591;1038;4212.12;1384.17
85.539;4408;817;4206.15;1391.88
85.609;4492;995;4200.26;1399.66
85.738;4035;1077;4188.70;1415.38
85.823;4016;1491;4183.03;1423.32
85.898;4039;1496;4177.44;1431.32
85.983;4500;872;4171.93;1439.37
86.068;4083;1381;4166.50;1447.48
86.135;4148;1534;4161.15;1455.63
86.202;3891;1390;4155.88;1463.84
86.274;3958;1544;4150.69;1472.10
86.345;4237;1388;4145.58;1480.42
86.415;3995;1388;4140.55;1488.78
86.484;4217;1589;4135.61;1497.19
86.557;3943;1610;4130.74;1505.64
86.627;4197;1618;4125.96;1514.15
86.699;4116;1713;4121.26;1522.70
86.765;3947;1482;4116.65;1531.29
86.832;4183;1657;4112.11;1539.93
86.911;4299;1592;4107.67;1548.62
86.985;4141;1789;4103.31;1557.35
87.052;4151;2383;4099.03;1566.12
87.114;3989;1377;4094.84;1574.93
87.180;4177;1713;4090.74;1583.78
87.246;4912;889;4086.72;1592.67
87.309;4075;1664;4082.79;1601.60
87.381;4305;1952;4078.95;1610.57
87.448;4013;1731;4075.19;1619.57
87.522;4108;1889;4071.52;1628.61
87.593;4977;805;4067.94;1637.69
87.663;4212;1814;4064.45;1646.80
87.742;4110;1624;4061.05;1655.94
87.811;4129;1464;4057.74;1665.12
87.884;4245;1833;4054.52;1674.33
87.951;3779;1711;4051.38;1683.57
88.023;3855;1717;4048.34;1692.84
88.099;3990;1720;4045.39;1702.14
88.168;4033;1785;4042.53;1711.47
88.240;3938;1811;4039.76;1720.82
88.315;3918;1820;4037.08;1730.20
88.393;4192;1751;4034.50;1739.61
88.461;3888;1948;4032.00;1749.04
88.534;4021;1933;4029.60;1758.50
88.617;3892;2127;4027.29;1767.98
88.697;3715;1874;4025.07;1777.48
88.765;3789;2069;4022.95;1787.00
88.832;4226;987;4020.92;1796.54
88.906;4299;1063;4018.98;1806.11
88.979;4215;1162;4017.13;1815.69
89.047;4250;1133;4015.38;1825.28
89.136;4355;936;4013.72;1834.90
89.203;4095;1154;4012.16;1844.53
89.276;4259;1650;4010.69;1854.17
89.345;4011;1843;4009.31;1863.83
89.420;4091;2082;4008.03;1873.51
89.492;3865;2067;4006.85;1883.19
89.560;4188;1828;4005.75;1892.88
89.632;4172;1423;4004.76;1902.59
89.698;4256;1252;4003.85;1912.30
89.765;4255;1202;4003.04;1922.03
89.831;4234;1523;4002.33;1931.76
89.908;4239;1724;4001.71;1941.49
89.976;4312;1477;4001.19;1951.24
90.046;4155;1564;4000.76;1960.98
90.117;4069;1566;4000.43;1970.73
90.187;4095;1937;4000.19;1980.49
90.259;4205;1922;4000.05;1990.24
90.327;4159;2293;4000.00;2000.00
90.400;4071;2336;4000.00;2013.16
90.472;3955;2241;4000.00;2026.32
90.543;3962;2239;4000.00;2039.48
90.611;3981;2422;4000.00;2052.64
90.708;4030;2170;4000.00;2065.80
90.779;4151;2147;4000.00;2078.96
90.847;4054;1933;4000.00;2092.12
90.919;3902;2171;4000.00;2105.28
90.990;3912;1897;4000.00;2118.44
91.063;3984;2198;4000.00;2131.60
91.148;4078;1949;4000.00;2144.76
91.216;4060;2492;4000.00;2157.92
91.279;4042;2338;4000.00;2171.08
91.346;3884;2287;4000.00;2184.24
91.418;4081;2482;4000.00;2197.40
91.479;4137;2300;4000.00;2210.56
91.546;3879;2403;4000.00;2223.72
91.617;4092;2393;4000.00;2236.88
91.683;3942;2535;4000.00;2250.04
91.750;4035;2397;4000.00;2263.20
91.819;4219;2192;4000.00;2276.36
91.898;4290;2134;4000.00;2289.52
91.973;4112;2177;4000.00;2302.68
92.043;4040;2475;4000.00;2315.84
92.124;4004;2567;4000.00;2329.00
92.193;3952;2258;4000.00;2342.16
92.259;4071;2200;4000.00;2355.32
92.324;4157;2345;4000.00;2368.48
92.401;4048;2387;4000.00;2381.64
92.469;3925;2508;4000.00;2394.80
92.558;4001;2565;4000.00;2407.96
92.626;4241;2696;4000.00;2421.12
92.693;3888;2587;4000.00;2434.28
92.760;4015;2725;4000.00;2447.44
92.835;4021;2539;4000.00;2460.60
92.906;4217;2316;4000.00;2473.76
92.993;4029;2588;4000.00;2486.92
93.059;4041;2738;4000.00;2500.08
93.128;4235;2516;4000.00;2513.24
93.195;3862;2448;4000.00;2526.40
93.263;3997;2753;4000.00;2539.56
93.329;3966;2845;4000.00;2552.72
93.404;4172;2816;4000.00;2565.88
93.476;3903;2680;4000.00;2579.04
93.544;3875;2772;4000.00;2592.20
93.609;4105;2862;4000.00;2605.36
93.679;4121;2863;4000.00;2618.52
93.747;3976;2617;4000.00;2631.68
93.837;3942;2995;4000.00;2644.84
93.918;4023;2662;4000.00;2658.00
93.991;4064;2648;4000.00;2671.16
94.062;4237;2780;4000.00;2684.32
94.129;3929;3114;4000.00;2697.48
94.191;4147;3022;4000.00;2710.64
94.261;3972;2796;4000.00;2723.80
94.328;3920;2988;4000.00;2736.96
94.399;3931;3078;4000.00;2750.12
94.464;4139;2926;4000.00;2763.28
94.530;3994;3030;4000.00;2776.44
94.595;3993;3353;4000.00;2789.60
94.661;4019;2819;4000.00;2802.76
94.732;4130;2810;4000.00;2815.92
94.799;4293;3125;4000.00;2829.08
94.862;4159;2932;4000.00;2842.24
94.929;4022;2788;4000.00;2855.40
94.994;4173;3140;4000.00;2868.56
95.062;3964;2996;4000.00;2881.72
95.128;4041;2913;4000.00;2894.88
95.195;3928;3213;4000.00;2908.04
95.262;4133;2890;4000.00;2921.20
95.346;4141;2835;4000.00;2934.36
95.434;4156;3095;4000.00;2947.52
95.504;4071;2755;4000.00;2960.68
95.563;4014;2865;4000.00;2973.84
95.640;4118;2771;4000.00;2987.00
95.709;4016;2687;4000.00;3000.16
95.783;3894;3025;4000.00;3000.00
95.863;3886;3447;3999.92;3012.77
95.958;4057;3523;3999.67;3025.54
96.025;3542;3402;3999.27;3038.30
96.088;3814;3342;3998.70;3051.06
96.163;4012;3329;3997.96;3063.81
96.229;3945;3587;3997.07;3076.55
96.297;3701;3292;3996.01;3089.28
96.370;3923;3383;3994.79;3101.99
96.451;3822;3604;3993.40;3114.68
96.522;3908;3551;3991.86;3127.36
96.580;4086;3578;3990.15;3140.02
96.653;3806;3487;3988.28;3152.65
96.724;3739;3330;3986.25;3165.26
96.794;4037;3350;3984.06;3177.84
96.883;4121;3260;3981.71;3190.39
96.965;3999;3355;3979.20;3202.91
97.042;3724;3601;3976.53;3215.40
97.109;3803;3536;3973.70;3227.85
97.175;3750;3320;3970.71;3240.27
97.245;3905;3403;3967.56;3252.65
97.312;3650;3516;3964.25;3264.98
97.399;3808;3621;3960.79;3277.27
97.474;3912;3642;3957.17;3289.52
97.545;4031;3756;3953.40;3301.72
97.612;3785;3432;3949.47;3313.87
97.687;3956;3597;3945.38;3325.97
97.759;3793;3486;3941.14;3338.02
97.829;3840;3445;3936.75;3350.01
97.903;3843;3595;3932.20;3361.94
98.023;3616;3646;3927.50;3373.82
98.092;4012;3632;3922.65;3385.63
98.159;3581;3858;3917.65;3397.38
98.222;3907;3715;3912.50;3409.07
98.298;3765;3385;3907.21;3420.69
98.357;3610;3296;3901.76;3432.24
98.425;3664;3824;3896.17;3443.72
98.517;3611;4000;3890.43;3455.13
98.590;3965;4118;3884.54;3466.46
98.665;3615;3904;3878.51;3477.72
98.737;3916;3746;3872.34;3488.90
98.809;3542;4024;3866.03;3500.00
98.883;3566;3396;3859.57;3511.02
98.972;3392;3306;3852.97;3521.95
99.034;3892;3763;3846.24;3532.80
99.106;3812;3773;3839.37;3543.57
99.169;3642;3969;3832.36;3554.24
99.261;3689;4021;3825.21;3564.83
99.327;3645;3856;3817.93;3575.32
99.415;3615;3768;3810.52;3585.72
99.502;3653;3981;3802.97;3596.02
99.572;3718;3777;3795.29;3606.23
99.647;3474;3904;3787.49;3616.33
99.740;3409;3933;3779.55;3626.34
99.831;3387;3938;3771.49;3636.24
99.902;3664;3803;3763.30;3646.04
99.978;3404;4008;3754.99;3655.74
100.039;3695;3799;3746.55;3665.33
100.109;3593;4000;3738.00;3674.81
100.177;3786;3725;3729.32;3684.17
100.249;3812;3507;3720.52;3693.43
100.318;3324;3479;3711.61;3702.58
100.391;3542;3723;3702.58;3711.61
100.458;3550;3734;3693.43;3720.52
100.526;3718;3818;3684.17;3729.32
100.594;3416;3844;3674.81;3738.00
100.668;3386;4268;3665.33;3746.55
100.727;3412;3835;3655.74;3754.99
100.794;3344;4069;3646.04;3763.30
100.862;3573;4161;3636.24;3771.49
100.938;3559;3965;3626.34;3779.55
101.007;3313;3891;3616.33;3787.49
101.076;3340;3951;3606.23;3795.29
101.143;3268;3913;3596.02;3802.97
101.210;3502;4240;3585.72;3810.52
101.323;3363;4109;3564.83;3825.21
101.406;3396;4149;3554.24;3832.36
101.475;3368;4236;3543.57;3839.37
101.541;3363;4132;3532.80;3846.24
101.612;3481;3996;3521.95;3852.97
101.685;3391;4131;3511.02;3859.57
101.756;3376;4057;3500.00;3866.03
101.830;3450;4321;3488.90;3872.34
101.901;3309;3933;3477.72;3878.51
101.977;3357;4119;3466.46;3884.54
102.048;3353;4032;3455.13;3890.43
102.114;3168;4108;3443.72;3896.17
102.184;3290;4254;3432.24;3901.76
102.254;3298;3013;3420.69;3907.21
102.320;3285;4001;3409.07;3912.50
102.394;2956;2485;3397.38;3917.65
102.457;3050;4129;3385.63;3922.65
102.525;3079;4111;3373.82;3927.50
102.598;3172;4045;3361.94;3932.20
102.686;2979;4101;3350.01;3936.75
102.772;3367;4075;3338.02;3941.14
102.858;3267;4317;3325.97;3945.38
102.939;3159;4146;3313.87;3949.47
103.005;3349;3964;3301.72;3953.40
103.074;2978;4747;3289.52;3957.17
103.136;3403;4229;3277.27;3960.79
103.197;3194;4384;3264.98;3964.25
103.269;3517;4486;3252.65;3967.56
103.333;3314;4847;3240.27;3970.71
103.409;3000;4055;3227.85;3973.70
103.479;3120;4286;3215.40;3976.53
103.548;3164;4188;3202.91;3979.20
103.620;3220;4013;3190.39;3981.71
103.693;2880;3992;3177.84;3984.06
103.767;2907;4110;3165.26;3986.25
103.840;3022;4609;3152.65;3988.28
103.915;3433;4995;3140.02;3990.15
103.985;3186;4353;3127.36;3991.86
104.054;3115;4195;3114.68;3993.40
104.125;2802;2282;3101.99;3994.79
104.190;3058;4243;3089.28;3996.01
104.270;3092;4342;3076.55;3997.07
104.355;3008;3969;3063.81;3997.96
104.432;2972;4217;3051.06;3998.70
104.501;3012;4322;3038.30;3999.27
104.570;2955;4059;3025.54;3999.67
104.645;3100;4114;3012.77;3999.92
104.730;3211;3916;3000.00;4000.00
104.802;3068;4102;2986.84;4000.00
104.890;3031;4007;2973.68;4000.00
104.969;3147;4076;2960.52;4000.00
105.042;2746;4047;2947.36;4000.00
105.110;2755;4078;2934.20;4000.00
105.177;3042;3981;2921.04;4000.00
105.244;2920;4209;2907.88;4000.00
105.315;3194;3898;2894.72;4000.00
105.390;3198;3924;2881.56;4000.00
105.457;2941;4142;2868.40;4000.00
105.526;2753;3887;2855.24;4000.00
105.592;2738;4049;2842.08;4000.00
105.657;2732;4009;2828.92;4000.00
105.727;3018;3980;2815.76;4000.00
105.793;2872;3901;2802.60;4000.00
105.879;2818;3971;2789.44;4000.00
105.969;2959;3815;2776.28;4000.00
106.039;2738;4078;2763.12;4000.00
106.108;2682;4107;2749.96;4000.00
106.175;2664;4106;2736.80;4000.00
106.242;2700;3905;2723.64;4000.00
106.309;2911;4016;2710.48;4000.00
106.375;2831;4097;2697.32;4000.00
106.444;2740;4030;2684.16;4000.00
106.510;2593;4227;2671.00;4000.00
106.575;2608;4356;2657.84;4000.00
106.641;2585;4279;2644.68;4000.00
106.706;2562;2638;2631.52;4000.00
106.776;2532;4244;2618.36;4000.00
106.844;2641;4031;2605.20;4000.00
106.922;2867;3991;2592.04;4000.00
106.989;2283;2312;2578.88;4000.00
107.057;2685;4085;2565.72;4000.00
107.144;2619;4228;2552.56;4000.00
107.228;2395;4088;2539.40;4000.00
107.302;2605;4113;2526.24;4000.00
107.372;2558;3929;2513.08;4000.00
107.443;2329;4027;2499.92;4000.00
107.510;2647;3999;2486.76;4000.00
107.575;2286;4250;2473.60;4000.00
107.649;2460;4147;2460.44;4000.00
107.723;2567;4361;2447.28;4000.00
107.786;2385;3988;2434.12;4000.00
107.855;2373;3956;2420.96;4000.00
107.948;2396;3975;2407.80;4000.00
108.017;2586;3933;2394.64;4000.00
108.087;2833;3944;2381.48;4000.00
108.152;2350;3966;2368.32;4000.00
108.224;2548;4004;2355.16;4000.00
108.287;2436;4293;2342.00;4000.00
108.355;2473;3905;2328.84;4000.00
108.425;2554;4142;2315.68;4000.00
108.493;2215;3850;2302.52;4000.00
108.555;2405;3937;2289.36;4000.00
108.629;2270;4005;2276.20;4000.00
108.691;2400;4307;2263.04;4000.00
108.768;2450;4354;2249.88;4000.00
108.861;2233;4091;2236.72;4000.00
108.930;2324;4396;2223.56;4000.00
109.002;2323;4214;2210.40;4000.00
109.081;2332;4116;2197.24;4000.00
109.153;2109;4345;2184.08;4000.00
109.224;2270;3722;2170.92;4000.00
109.295;2227;4187;2157.76;4000.00
109.425;2065;4309;2131.44;4000.00
109.493;2171;4098;2118.28;4000.00
109.559;2187;4159;2105.12;4000.00
109.629;2258;4353;2091.96;4000.00
109.698;2156;4130;2078.80;4000.00
109.772;1973;4263;2065.64;4000.00
109.841;2043;3948;2052.48;4000.00
109.915;2169;4041;2039.32;4000.00
109.980;1967;4350;2026.16;4000.00
110.049;2332;4452;2013.00;4000.00
110.110;2038;4303;1999.84;4000.00
110.180;2163;4472;2000.00;4000.00