1949,7840557897016;3949,745578875342;1989,0;4000,0
2015,9243762749666;3889,1723815689984;1977,0;4000,0
1973,7754818691687;4004,8840036159636;1966,0;4000,0
1936,946043073673;4006,6434056908406;1954,0;3999,0
1924,3237051073875;3984,4584250494327;1943,0;3999,0
1886,9460957355475;3979,560606275847;1931,0;3999,0
1889,705842588743;3966,81670479727;1920,0;3998,0
1903,6909756170742;3988,2911080529066;1909,0;3998,0
1842,4628354132944;3975,6409124922457;1897,0;3997,0
1837,6901388872993;3998,350751931429;1886,0;3997,0
2011,868641201858;4025,894118874205;1874,0;3996,0
1861,898664026222;4008,5000824226163;1863,0;3995,0
1800,6267653082816;3971,395658558276;1852,0;3994,0
1839,7521978983305;4002,300808894081;1840,0;3994,0
1808,901687467468;3979,4112314094978;1829,0;3993,0
1847,1682105589846;4010,684669003125;1817,0;3992,0
1810,1483829200981;3996,4973047854037;1806,0;3991,0
1786,8297080136288;3985,8503877512617;1795,0;3989,0
1755,8017675568597;3981,1387821251833;1783,0;3988,0
1757,4756702450884;3985,448388824987;1772,0;3987,0
1725,9953526350896;3969,741287804478;1761,0;3986,0
1755,0236411050867;3978,3360041694086;1749,0;3984,0
1744,0177383045122;3980,1779879990786;1738,0;3983,0
1731,5254036219012;3976,696842937612;1727,0;3981,0
1749,6883516882963;3977,8462401914003;1715,0;3980,0
1735,454389699963;3979,5449334270234;1704,0;3978,0
1705,0205196702796;3974,250330364112;1693,0;3976,0
1681,0732589943038;3964,545229016173;1681,0;3974,0
1667,5776047424465;3977,7399158712096;1670,0;3973,0
1661,4978708804906;3971,6726057282303;1659,0;3971,0
1616,2013826004497;3947,9453806617103;1648,0;3969,0
1595,4842161704255;3955,337917475458;1636,0;3967,0
1582,6285907123815;3959,0954335266683;1625,0;3965,0
1560,9080293229135;3948,0205479192186;1614,0;3962,0
1574,9860509609969;3938,9457985435497;1603,0;3960,0
1459,6169798479038;3900,89725809738;1592,0;3958,0
1590,0073281165608;3948,6532013790807;1580,0;3955,0
1555,5848685516996;3923,3728705151602;1569,0;3953,0
1550,4389457181087;3934,852218433677;1558,0;3951,0
1541,6380003830848;3926,42024523003;1547,0;3948,0
1549,7491401315276;3937,176406210741;1536,0;3945,0
1529,6351424089019;3944,3593078689023;1525,0;3943,0
1555,1614752295002;3943,1319802289577;1514,0;3940,0
1507,976630263565;3920,6199592842504;1503,0;3937,0
1499,9141198943173;3920,5475599797155;1492,0;3934,0
1495,2204213373386;3933,3941652927047;1481,0;3931,0
1480,7800104179298;3930,5813332915627;1469,0;3928,0
1462,6231833923048;3914,56559264032;1458,0;3925,0
1410,6018320830551;3910,080573777916;1448,0;3922,0
1406,9058631450896;3913,269424160367;1437,0;3919,0
1403,6649810730946;3894,4571351008053;1426,0;3916,0
1381,3767642842215;3888,7101354756983;1415,0;3912,0
1365,8510055785184;3875,222041251944;1404,0;3909,0
1377,9898064747326;3891,646659541773;1393,0;3906,0
1399,4032947764222;3899,47548668144;1382,0;3902,0
1403,2954843307161;3921,426663488512;1371,0;3899,0
1374,8047285070897;3903,6058546774484;1360,0;3895,0
1406,9284982842148;3911,2347129524333;1349,0;3891,0
1294,817181669278;3884,489813456484;1339,0;3887,0
1374,8047285070897;3903,6058546774484;1328,0;3884,0
1371,4303903710343;3907,5510827264484;1317,0;3880,0
1366,5233260636194;3920,4665002355337;1306,0;3876,0
1310,1263595211449;3888,325236438433;1296,0;3872,0
1287,9100758133911;3887,7694052941843;1285,0;3868,0
1324,7475490864297;3896,242890258559;1274,0;3864,0
1360,552733038635;3911,051092800783;1264,0;3860,0
881,364478328599;2986,7849928830155;1253,0;3855,0
1418,7055938327792;3918,5794877507246;1243,0;3851,0
1210,1624887330825;3849,717734060508;1232,0;3847,0
1195,0226735156325;3844,7882940102627;1221,0;3842,0
1194,5876439708416;3841,575037663065;1211,0;3838,0
769,709637355402;3354,6589283070284;1200,0;3833,0
1174,283847343218;3845,463639477423;1190,0;3829,0
1172,4360537863495;3851,2135147433646;1180,0;3824,0
1162,2991751052264;3840,5048195813483;1169,0;3819,0
1146,5468092199565;3847,7861922987126;1159,0;3814,0
1163,7197541873993;3854,7987491692506;1148,0;3810,0
1163,8001535034552;3858,072909391396;1138,0;3805,0
1142,5100164018556;3842,6279535593176;1128,0;3800,0
1147,5637639986683;3840,8037955793043;1118,0;3795,0
1174,7563235113405;3851,295105993504;1107,0;3790,0
1167,5542040071032;3856,628057773455;1097,0;3785,0
1161,3859601424383;3854,5756228365267;1087,0;3779,0
1172,4360537863495;3851,2135147433646;1077,0;3774,0
1150,2715003864073;3845,317367547389;1067,0;3769,0
1146,7132794556023;3857,991622272233;1057,0;3764,0
1137,3113448737465;3852,420160557962;1047,0;3758,0
1143,1304022164045;3851,269849548714;1036,0;3753,0
1130,5713308044326;3847,6974300969246;1026,0;3747,0
1245,9702011150112;3893,5428930241337;1017,0;3741,0
1001,1444922871598;3765,408913635907;1007,0;3736,0
1135,1609298800702;3854,961609786647;997,0;3730,0
1109,5181087939964;3848,851028479681;987,0;3724,0
1112,6445670224136;3853,175231620157;977,0;3719,0
1102,5387676441826;3848,913324969388;967,0;3713,0
1070,4344091007933;3830,4854262246877;957,0;3707,0
1024,7301609780009;3811,7432778821735;948,0;3701,0
981,2550862994348;3792,147288209796;938,0;3695,0
956,8132912494004;3779,2043848578123;928,0;3689,0
926,4964153698951;3762,040429285019;919,0;3683,0
904,4634470836809;3747,726368177939;909,0;3676,0
893,1849770874377;3740,432965405765;900,0;3670,0
867,6466550884475;3722,0129492830574;890,0;3664,0
819,6458589733533;3691,5355268614485;881,0;3657,0
793,8122068583754;3674,168988908625;871,0;3651,0
802,1555873488228;3678,205575417976;862,0;3644,0
790,3026793139344;3673,4907641725854;852,0;3638,0
761,4693425717434;3651,883940209848;843,0;3631,0
768,1308573225033;3655,6533918729283;834,0;3625,0
777,8186472289706;3663,1234894885642;824,0;3618,0
764,7792899803931;3652,186625627429;815,0;3611,0
721,6722565433083;3620,079998806088;806,0;3604,0
724,7188808973269;3622,297555802209;797,0;3598,0
716,9354294607982;3616,3091019102985;788,0;3591,0
688,9008757520485;3592,073276057191;779,0;3584,0
700,0651112419612;3602,129310371064;770,0;3577,0
704,2837903204518;3605,8699237298133;761,0;3570,0
713,6007765408061;3614,0249160430035;752,0;3563,0
660,259330735169;3566,7545428472195;743,0;3555,0
702,398621190406;3604,359277223126;734,0;3548,0
679,5314443469662;3548,276083853176;725,0;3541,0
666,7141295936468;3572,7379069142316;716,0;3534,0
654,0522783797563;3561,03846276521;708,0;3526,0
636,4443844581525;3544,269826933763;699,0;3519,0
621,1199161523368;3528,871113434925;690,0;3511,0
613,5074389447425;3521,5614993196355;682,0;3504,0
584,5749040932824;3490,502017835734;673,0;3496,0
585,0854960161612;3490,5100188649026;665,0;3489,0
528,0460651953787;3427,075538882825;656,0;3481,0
522,0154974827651;3419,200903599951;648,0;3473,0
472,65480725186563;3355,061861116385;639,0;3466,0
460,1601964026698;3339,5856656235046;631,0;3458,0
441,61506158940784;3316,2524994368327;623,0;3450,0
596,9916370385276;3504,670233325903;614,0;3442,0
454,29305770193025;3325,5863761944033;606,0;3434,0
401,8442579024797;3241,2839126341896;598,0;3426,0
408,2336516845117;3249,6888633833605;590,0;3418,0
437,50618297801185;3300,636460181087;582,0;3410,0
634,8544837929156;3538,80291068584;574,0;3402,0
609,7141270245356;3514,6862564428666;566,0;3394,0
596,3714121760453;3501,055493205321;558,0;3386,0
432,8199719578757;3302,1748697111566;550,0;3377,0
359,75166750595116;3159,361110210979;542,0;3369,0
409,6078225736949;3260,607228272097;534,0;3361,0
372,23203592212633;3180,2978299585848;527,0;3352,0
366,86245193989095;3188,2234713516696;519,0;3344,0
366,3643643139589;3188,861233130253;511,0;3335,0
382,03946626916894;3223,0755269419574;504,0;3327,0
399,2402424764798;3244,156129770406;489,0;3310,0
378,791733648141;3200,9967532744536;481,0;3301,0
517,2300239024129;3414,388823735091;474,0;3292,0
365,9637865987667;3126,984788569362;466,0;3284,0
397,6241976004515;3234,422343510363;459,0;3275,0
385,01112458451007;3207,726437347961;452,0;3266,0
378,7002994206135;3209,1875569580684;445,0;3257,0
351,831807936617;3166,3680568479076;437,0;3248,0
333,2904896223166;3132,8684309388022;430,0;3239,0
324,5136197785111;3123,3131695839093;423,0;3230,0
325,1324255064218;3123,7061127172337;416,0;3221,0
315,02138621268364;3103,3488031732527;409,0;3212,0
311,8874858886509;3104,541502806431;402,0;3203,0
288,0220901015493;3056,6977521335757;396,0;3194,0
289,60346905262236;3051,2557775026658;389,0;3185,0
284,61518262134695;3035,2287287998843;382,0;3176,0
267,9421146234357;2995,729353158905;375,0;3166,0
253,59754176987437;2974,5404277355624;369,0;3157,0
260,8673604619487;2988,486951310939;362,0;3148,0
172,31428147598973;2788,653248791676;356,0;3138,0
243,88363232959367;2938,871183672722;349,0;3129,0
237,8712632376277;2913,3926346851676;343,0;3119,0
239,15871132899505;2920,2725353888586;336,0;3110,0
235,55883834981194;2896,9875096091523;330,0;3100,0
245,1287172234477;2922,5912218187805;324,0;3091,0
238,42319533916697;2890,610732808167;317,0;3081,0
243,67049954285704;2894,6086726592803;311,0;3072,0
234,1113465602777;2884,919321169332;305,0;3062,0
259,0115867591202;2924,45010831062;299,0;3052,0
244,57903104065218;2906,2779517726417;293,0;3043,0
240,36172834581362;2890,170905969595;287,0;3033,0
249,70112222399302;2912,8301946746283;281,0;3023,0
231,9318288516256;2877,5015051743194;276,0;3013,0
222,0073984435051;2859,41545806294;270,0;3003,0
202,81158371144107;2826,4982399829296;264,0;2993,0
216,95367413722556;2853,938039321754;259,0;2983,0
209,40913745782586;2835,0911654170604;253,0;2974,0
195,39316060131029;2801,7116489566893;247,0;2964,0
203,70791997502286;2838,0598810716747;242,0;2953,0
190,03980379128168;2811,4264157047414;236,0;2943,0
182,82982124466707;2774,2329568556725;231,0;2933,0
184,03897510042353;2783,413198920765;226,0;2923,0
179,16755164613986;2773,5173069658767;221,0;2913,0
177,4388005103425;2754,8226477556414;215,0;2903,0
181,38266819378154;2746,208853492338;210,0;2893,0
183,67394548671297;2726,7758554332877;205,0;2882,0
219,1980588813595;2786,332802733189;200,0;2872,0
184,46810266526506;2709,915993746815;195,0;2862,0
179,0406281244403;2691,84054687522;190,0;2852,0
162,78040501577354;2654,681843570322;186,0;2841,0
150,3052145671644;2634,7193649672145;181,0;2831,0
155,0631910672442;2632,7145758187326;176,0;2820,0
142,66056865508259;2618,0120994436197;171,0;2810,0
146,18171099617896;2586,322840639128;167,0;2800,0
135,28253623303905;2582,1711715582805;162,0;2789,0
135,93993757985524;2565,9456485393584;158,0;2779,0
133,00944021664083;2569,991225207648;153,0;2768,0
127,47094716512119;2557,0723105143416;149,0;2757,0
146,53080914732288;2627,6711619343214;145,0;2747,0
160,65648054400725;2670,7106527928545;140,0;2736,0
139,4936476138971;2601,333963808787;136,0;2726,0
119,52216676920686;2521,498394834849;132,0;2715,0
113,06331265571055;2536,696786669199;128,0;2704,0
121,02819849953258;2585,48395720464;124,0;2694,0
67,10166969820384;2370,9420422258154;120,0;2683,0
121,04814561315145;2569,676687763184;116,0;2672,0
127,40724485292222;2549,1165651541924;113,0;2661,0
124,646177867286;2552,8555847552448;109,0;2651,0
63,82869203786725;2339,4380961994198;105,0;2640,0
102,35966467626245;2390,317524112432;101,0;2629,0
114,63336944785935;2424,0464656565937;98,0;2618,0
117,46591726962545;2474,2108624582756;94,0;2607,0
100,81878177854601;2518,4783630066895;91,0;2596,0
102,00283783568422;2545,5430664536602;88,0;2585,0
98,08871919709182;2535,260467131639;84,0;2574,0
106,34669230474866;2551,246805224287;81,0;2563,0
124,82305290583409;2642,1084250149743;78,0;2552,0
103,905681116362;2555,4620449935;75,0;2542,0
91,84756121025835;2514,558201665652;72,0;2531,0
88,67622789884757;2504,8961859610404;69,0;2519,0
85,28424076877315;2368,3001863912655;66,0;2508,0
93,54531695326627;2376,271954705823;63,0;2497,0
118,62309847774245;2343,9067013163535;60,0;2486,0
87,17965139152138;2414,9083308210425;57,0;2475,0
79,71719679085622;2403,9084040877597;55,0;2464,0
72,24194514758423;2379,806113185649;52,0;2453,0
72,82501607715797;2338,0147281728673;49,0;2442,0
63,1790350814542;2274,4909095196285;47,0;2431,0
52,44862942206477;2232,6592690099365;45,0;2420,0
56,7649488449414;2336,8718156266937;42,0;2408,0
62,10377249995043;2317,2863586785143;40,0;2397,0
59,932680811439305;2285,0419826369484;38,0;2386,0
54,9604102407217;2227,5812283411065;35,0;2375,0
51,079554031084484;2198,604780691146;33,0;2364,0
51,82428359964752;2213,4045056226837;31,0;2352,0
26,432965366585435;1938,5773910323094;29,0;2341,0
46,65575538244033;2225,8876932169705;27,0;2330,0
52,78519327431085;2242,731586954605;26,0;2319,0
43,72943636011373;2200,0415171381833;24,0;2307,0
37,51329775231292;2158,3483736457288;22,0;2296,0
29,23784854569956;2045,3326927140379;20,0;2285,0
37,61480177390432;2180,435200316387;19,0;2273,0
39,0642826985592;2190,698476630332;17,0;2262,0
39,75760467816728;2154,8999130610205;16,0;2251,0
35,67714689799811;2142,245632668063;14,0;2239,0
34,00221619742183;2124,2521377258663;13,0;2228,0
34,806944190362536;2116,987449723559;12,0;2217,0
33,28830780357078;2076,6219921586057;11,0;2205,0
30,10238693628801;2079,6928578905067;9,0;2194,0
30,24111073439231;2044,0163558636891;8,0;2183,0
27,873754645385095;2023,6411119134652;7,0;2171,0
27,402301272528142;2014,1273270847498;6,0;2160,0
26,5052686299747;1915,3281425359369;6,0;2148,0
29,380473315836994;1831,7664732656337;5,0;2137,0
45,67206683687476;2199,3826407648116;4,0;2126,0
35,93230495745095;2145,6467559154253;3,0;2114,0
28,431608340614265;1855,5259610274757;3,0;2103,0
33,70247057291322;2109,643350189896;2,0;2091,0
31,345717110663028;1970,439545036982;2,0;2080,0
30,932814861371288;2050,0547114239976;1,0;2069,0
29,745921293493257;2009,2765887487053;1,0;2057,0
31,661181542723828;2007,7627405021651;1,0;2046,0
31,710636185809584;2032,8349247842384;0,0;2034,0
28,671783170463904;2016,2234657451957;0,0;2023,0
26,826184993440833;1976,19473318924;0,0;2011,0
27,159323773848993;1982,0000228676613;0,0;2000,0
26,890169884029092;1889,420573424604;0,0;1989,0
26,790154259826366;1903,3855178603858;0,0;1977,0
28,261034250708416;1850,8293280166188;0,0;1966,0
30,316232483313943;1850,5173537391024;1,0;1954,0
27,332141125645805;1887,2080415198993;1,0;1943,0
27,51079331428049;1902,6655066292492;1,0;1931,0
27,030051299743885;1901,0596696838127;2,0;1920,0
28,58558883329979;1870,5050555846167;2,0;1909,0
28,178909845707636;1979,740853511097;3,0;1897,0
33,65143774646892;1776,2446496845264;3,0;1886,0
34,22166365290926;1799,346143518892;4,0;1874,0
32,500303243815786;1770,0385317844748;5,0;1863,0
33,46898465213256;1775,4414329758172;6,0;1852,0
35,22738251421785;1734,9482580520769;6,0;1840,0
40,55015393177849;1674,459229143376;7,0;1829,0
71,77585888541233;1472,3053462235794;8,0;1817,0
39,519168062805704;1691,7566917362312;9,0;1806,0
31,73430242124795;1776,0458250350548;11,0;1795,0
35,406552152118614;1728,1039475739083;12,0;1783,0
30,75535801577688;1802,3901902820335;13,0;1772,0
32,16078536314276;1775,3670090843236;14,0;1761,0
36,363113408478306;1739,31226369496;16,0;1749,0
40,049493814730425;1682,5808792520022;17,0;1738,0
38,1064371675583;1701,0521611021272;19,0;1727,0
45,93289392351603;1647,2139160749095;20,0;1715,0
36,19525216439049;1718,6149884118865;22,0;1704,0
38,215808780866375;1697,1930147585317;24,0;1693,0
40,406508539661836;1686,4448015132166;26,0;1681,0
46,225201448164135;1630,3910903769277;27,0;1670,0
48,44245996604861;1609,9650570060023;29,0;1659,0
61,39832984630303;1526,106120702933;31,0;1648,0
46,77733464815397;1626,2648342295822;33,0;1636,0
51,812454728710364;1601,463246332399;35,0;1625,0
54,18897223010731;1582,6523040377617;38,0;1614,0
79,9233116606441;1443,0794511021234;40,0;1603,0
86,26039180159776;1408,7589666320982;42,0;1592,0
101,87643386200192;1351,3430770297473;45,0;1580,0
111,4780477696339;1308,1707983497051;47,0;1569,0
105,82591922064027;1330,26116761385;49,0;1558,0
107,04126647037576;1323,8797046245022;52,0;1547,0
109,23188843994406;1316,00431937192;55,0;1536,0
106,88589040163451;1346,8680817501559;57,0;1525,0
62,19174361121277;1524,350792856958;60,0;1514,0
113,04189254674125;1300,782383369051;63,0;1503,0
103,25595457823346;1337,093692957739;66,0;1492,0
111,90113832220659;1304,3593960161977;69,0;1481,0
128,86997601607558;1248,7117258773978;72,0;1469,0
124,18104898692505;1262,9340834508157;75,0;1458,0
79,91136576403872;1435,785424241956;78,0;1448,0
141,11591848832646;1211,0231481163955;81,0;1437,0
142,43277965290895;1206,9268124027;84,0;1426,0
145,2603781093896;1200,0301871710676;88,0;1415,0
138,8545715822251;1218,158888377444;91,0;1404,0
138,17717293645893;1219,3019696820497;94,0;1393,0
115,3596070821722;1294,3969456716136;98,0;1382,0
124,75338853622912;1262,2091088040108;101,0;1371,0
117,24573637894152;1288,640686696394;105,0;1360,0
132,74768989454012;1237,2188174303085;109,0;1349,0
126,82523423165479;1259,5501085442634;113,0;1339,0
129,41425222934024;1249,7756085411925;116,0;1328,0
138,23481263961804;1219,2315684985317;120,0;1317,0
143,4020169550303;1204,0996563992796;124,0;1306,0
101,54263465794104;1343,3119512883472;128,0;1296,0
166,22322957131655;1140,992382596137;132,0;1285,0
184,6823945262277;1096,6855071023283;136,0;1274,0
150,49456518632087;1184,2362830614106;140,0;1264,0
1290,6321027669642;322,26031591449174;145,0;1253,0
173,9698197706166;1126,0350928268906;149,0;1243,0
169,89802754200335;1134,2155443702632;153,0;1232,0
227,11164051926175;1000,5392860649953;158,0;1221,0
180,70659619079169;1104,1794806734013;162,0;1211,0
189,0971304245356;1084,2125408360841;167,0;1200,0
185,37292572190233;1092,8978379872249;171,0;1190,0
180,27007608249613;1107,9801418373986;176,0;1180,0
180,43185932207535;1106,6194849627868;181,0;1169,0
194,97345627775067;1070,9251101098002;186,0;1159,0
190,9454169918643;1079,6423373464977;190,0;1148,0
194,8917212841511;1070,2840580402446;195,0;1138,0
215,40903330055008;1025,2581132057066;200,0;1128,0
202,18657927778446;1054,3613425833666;205,0;1118,0
225,34212379134522;1003,3538599781535;210,0;1107,0
221,08730824474665;1013,3236158117779;215,0;1097,0
236,08569716757293;981,4097437406018;221,0;1087,0
268,7000101073925;978,51068918898;226,0;1077,0
239,2203058654703;975,3379834556189;231,0;1067,0
233,32171209408835;986,943483264446;236,0;1057,0
284,00789852302853;975,9561076978532;242,0;1047,0
1199,377286946016;302,09871397218905;247,0;1036,0
334,4049965001324;814,4441939459758;253,0;1026,0
236,99105472141855;983,5180670318958;259,0;1017,0
249,10465171571832;959,4146173683059;264,0;1007,0
258,4337566869085;945,882467330738;270,0;997,0
259,00106439312896;945,7038302233076;276,0;987,0
265,78232166155357;926,0385491096716;281,0;977,0
256,0549031034509;944,5718636906446;287,0;967,0
249,95257082953606;957,7524543876355;293,0;957,0
319,81910025858497;837,2819441356429;299,0;948,0
294,57531522926575;877,0895794218316;305,0;938,0
282,3058398622005;902,8028228699233;311,0;928,0
428,61348038176794;753,2232448653482;317,0;919,0
325,56085742904776;823,0221973534979;324,0;909,0
446,3582261199485;717,5674702841983;330,0;900,0
375,81015504958907;791,7684623722803;336,0;890,0
323,77092002750663;846,1719815934623;343,0;881,0
468,8411329633724;729,8755038834113;356,0;862,0
455,3876588674923;775,061752238839;362,0;852,0
455,19268516775895;776,6406602278352;369,0;843,0
498,6340686490669;735,2149825336754;375,0;834,0
421,6117799643469;771,1572003868004;382,0;824,0
515,9310491416726;625,2972573773335;389,0;815,0
485,05325566856015;730,4322268436401;396,0;806,0
448,8076359967128;756,7499191438834;402,0;797,0
479,5773163603458;753,2843685735025;409,0;788,0
526,7549632172468;685,5797836987076;416,0;779,0
515,4712200369788;699,7123105075333;423,0;770,0
589,4823426442612;659,3934328879782;430,0;761,0
556,9509283441577;695,1690941778876;437,0;752,0
555,0798177105712;672,2231257801302;445,0;743,0
552,4002867073452;685,795641609828;452,0;734,0
548,8929135868792;642,8385980369628;459,0;725,0
548,1347021251485;652,7831142343161;466,0;716,0
604,7202956495427;592,0720715861735;474,0;708,0
553,0932451546173;621,2634325116825;481,0;699,0
647,1613976356434;519,9881598283483;489,0;690,0
629,1474800284502;504,8072261515844;496,0;682,0
1165,8109435941922;222,17433418382592;504,0;673,0
611,7826331507064;527,0636447229977;511,0;665,0
669,5561637872914;479,6863906137593;519,0;656,0
655,8670579079969;485,5203152927266;527,0;648,0
781,6573656664723;380,73517087955645;534,0;639,0
730,9624103303547;418,2934482613051;542,0;631,0
646,7841291241282;459,5775354662958;550,0;623,0
432,34816683915307;869,7032677313725;558,0;614,0
778,3425048093492;469,194510521248;566,0;606,0
760,9903018743012;477,79014450999694;574,0;598,0
772,6292399445231;479,6227111252405;582,0;590,0
800,1470659931983;367,9555407818203;590,0;582,0
782,7604873043582;384,2527658902447;598,0;574,0
777,7901563603739;396,25930823045076;606,0;566,0
812,6680031570729;386,27862906570533;614,0;558,0
813,5462861355836;391,45259610547544;623,0;550,0
814,9599748681728;399,3018786294759;631,0;542,0
807,552679070855;389,04004856060845;639,0;534,0
837,2140847181879;379,2052432421732;648,0;527,0
826,3743690496092;380,48739146897356;656,0;519,0
995,0544057279186;251,80851514411282;665,0;511,0
816,013808710142;387,93164622719365;673,0;504,0
833,5484373705285;371,88366286942727;682,0;496,0
838,7840684632902;363,80940463379426;690,0;489,0
850,1968751652329;362,35194579950803;699,0;481,0
830,9980980287223;382,6298678465003;708,0;474,0
843,9264529832853;361,12198725982324;716,0;466,0
855,4443108468043;353,6849347402195;725,0;459,0
859,6708684162768;360,98393558574594;734,0;452,0
898,991554585956;332,5393172768077;743,0;445,0
885,7204515877881;335,2081944915164;752,0;437,0
896,3589896977082;340,00955791123295;761,0;430,0
917,0139467547924;315,77481599440125;770,0;423,0
922,8190643289851;319,18874092951114;779,0;416,0
915,0964502774675;324,7811234378065;788,0;409,0
936,2750122383956;299,62088018012895;797,0;402,0
925,8064249629255;299,5683976678556;806,0;396,0
937,1671015721006;302,17337138437273;815,0;389,0
938,7383699106945;301,4063158006505;824,0;382,0
944,5222125721252;297,3587539603429;834,0;375,0
961,8025387417192;290,76850448755823;843,0;369,0
955,4668979396316;289,59653784409943;852,0;362,0
990,2114862286194;263,533865243669;862,0;356,0
977,0711852847968;271,90815232074874;871,0;349,0
1036,728252488254;239,51199337568428;881,0;343,0
1059,8802321517526;224,6483294045051;890,0;336,0
1020,5925318855817;247,40143623114014;900,0;330,0
1060,2142449675084;231,23418330183273;909,0;324,0
1042,0632926031947;249,29818804940717;919,0;317,0
1072,9155554446425;228,12567750108693;928,0;311,0
1066,6181251606172;232,85043824244372;938,0;305,0
1067,7139078357081;230,02499131854663;948,0;299,0
1071,9621991968227;231,79301869030678;957,0;293,0
1077,4379754787751;221,72440357939882;967,0;287,0
1099,6011689143068;259,2028408849733;977,0;281,0
1149,1765371671531;202,93349520102808;987,0;276,0
1133,4422225662695;203,364952177537;997,0;270,0
1148,5663717065977;197,12373873669256;1007,0;264,0
1156,3118087132289;195,4665118606915;1017,0;259,0
1172,629152503831;183,95293700131154;1026,0;253,0
1195,2143739461173;176,62704591971314;1036,0;247,0
1503,4004072784737;128,372018854125;1047,0;242,0
1344,1016266258937;140,04788981211584;1057,0;236,0
1321,9188559481981;135,48628862522;1067,0;231,0
1233,4605933063785;201,7017484383579;1077,0;226,0
1245,4957821702073;160,13315663855087;1087,0;221,0
1337,6272546530129;133,39275407474733;1097,0;215,0
1304,8157667125415;143,0448397113922;1107,0;210,0
1236,6327595892094;166,2876641653459;1118,0;205,0
1246,1709077318526;160,3995976282534;1128,0;200,0
1427,1586821089522;108,94544188070873;1138,0;195,0
1387,8592473572053;120,61270297004025;1148,0;190,0
1420,0002715995474;111,87929624172499;1159,0;186,0
1251,193139532748;160,08789076348256;1169,0;181,0
1327,6216928332942;136,55243631395965;1180,0;176,0
1203,5449622404979;186,8953991173441;1190,0;171,0
1267,4141440347057;154,87809057602848;1200,0;167,0
1383,238804379908;118,68884849924048;1211,0;162,0
1512,51972049569;83,84008539733529;1221,0;158,0
1663,9393658834456;54,79114113431018;1232,0;153,0
1475,8979407601046;95,90510383526325;1243,0;149,0
1444,9705355881058;107,19109461565037;1253,0;145,0
1370,2712239472828;124,92559119644568;1264,0;140,0
1234,330522407012;168,3713872093997;1274,0;136,0
1353,5232333945858;132,39259767223913;1285,0;132,0
1408,6055521179944;115,89533149317886;1296,0;128,0
1446,4529598660267;105,82187559234575;1306,0;124,0
1488,0476498620958;97,31222513440511;1317,0;120,0
1484,4409005304692;96,25775768116092;1328,0;116,0
1517,371171934063;90,8939809621414;1339,0;113,0
1509,972107606859;95,8822527946798;1360,0;105,0
1500,87633755342;96,350630397632;1371,0;101,0
1451,373134432734;107,45383609657047;1382,0;98,0
1456,8370233423807;109,02937062308042;1393,0;94,0
1543,3297495241807;87,0682321592007;1404,0;91,0
1643,6547982575648;65,81211067916857;1415,0;88,0
1714,080759801777;98,49944029129966;1426,0;84,0
1652,3233140700786;64,93566123179295;1437,0;81,0
1633,9685311623969;68,10672668909854;1448,0;78,0
1427,3346311801868;115,54901875457021;1458,0;75,0
1605,956235974438;75,91687331920953;1469,0;72,0
1523,3623132850194;94,98515510929178;1481,0;69,0
1517,0307034005389;98,31157865055555;1492,0;66,0
1494,6564587001835;102,88440269488889;1503,0;63,0
1722,3753237487115;50,38062620903712;1514,0;60,0
1708,6701784341867;49,13046363071218;1525,0;57,0
1698,1192534980855;58,22268066608138;1536,0;55,0
1640,453322069547;67,99778348498269;1547,0;52,0
1661,9614053548971;63,95484898135192;1558,0;49,0
1707,8324347450257;57,661212266439506;1569,0;47,0
1784,1333079499857;40,151468692446315;1580,0;45,0
1807,8721429290615;36,917279165718426;1592,0;42,0
1839,7998081907822;37,41954799985952;1603,0;40,0
1824,7981478757538;37,78399512920917;1614,0;38,0
1832,5789935261469;36,685626527715314;1625,0;35,0
1834,421252876197;43,001206833734585;1636,0;33,0
1864,6680327050035;36,64012204462465;1648,0;31,0
1862,2955512123613;38,56476923619291;1659,0;29,0
1869,9397841941043;34,62905590974027;1670,0;27,0
1835,0489306270385;37,65480650510616;1681,0;26,0
1876,5941665365442;30,87019540729313;1693,0;24,0
1637,8098494782607;87,10715107554772;1704,0;22,0
1682,0461153577446;75,0766723048258;1715,0;20,0
1706,6485068990671;72,29030506873353;1727,0;19,0
1699,2938890086607;72,50232005750676;1738,0;17,0
1723,6492884045867;70,97377916949283;1749,0;16,0
1719,431918195924;69,85315687307225;1761,0;14,0
1699,3282298449537;62,30808391716658;1772,0;13,0
1784,2209105482325;48,16419394463963;1783,0;12,0
1831,9290248511634;45,22030828824619;1795,0;11,0
1857,8746529716614;37,04539643032703;1806,0;9,0
1873,088600209145;37,76559421569767;1817,0;8,0
1894,7613632022808;36,645723557294836;1829,0;7,0
1875,5628282620787;35,24951877316845;1840,0;6,0
1938,7202621221354;26,301014692893542;1852,0;6,0
1937,303990376305;29,88150149092908;1863,0;5,0
1970,934266887569;24,170446932088424;1874,0;4,0
2035,4955936471054;19,094858001611303;1886,0;3,0
2071,9953524475936;18,09565285105349;1897,0;3,0
1951,6710442590663;38,203660071991244;1909,0;2,0
2035,5599650063089;22,345451407077427;1920,0;2,0
2107,5151938615045;24,90284082808831;1931,0;1,0
2073,4855957216564;25,66643173002069;1943,0;1,0
2136,513775972166;15,050527675120392;1954,0;1,0
2238,2476168511116;39,93577212696984;1966,0;0,0
2213,063181430323;1,7382340097510893;1977,0;0,0
2225,2146602150056;-2,0802370649010324;1989,0;0,0
1967,7098425846066;44,793025952851444;2000,0;0,0
1990,6412464858802;42,910219029333696;2013,0;0,0
2003,3015070245556;35,70926012178625;2026,0;0,0
1976,9397860110842;25,17146207517944;2039,0;0,0
2081,2234875246486;53,19793340735246;2053,0;0,0
2102,5056312730803;29,37174073801115;2066,0;0,0
2180,757186653313;8,34352345513178;2079,0;0,0
2243,310652565215;29,070412925485332;2092,0;0,0
2232,928599133467;7,922551517747681;2105,0;0,0
2250,7713947626903;14,750049242726275;2118,0;0,0
2236,303236003134;13,930170605121704;2132,0;0,0
2275,2553322205986;5,442915248293526;2145,0;0,0
2289,3375308792843;4,297086475593883;2158,0;0,0
2322,3494088651696;7,68626069585607;2171,0;0,0
2320,3954096311377;4,363843807845635;2184,0;0,0
2378,1020291251884;3,2143796107817137;2197,0;0,0
2393,691453477642;-13,901370239419755;2211,0;0,0
2401,698407914627;-0,3577975410329284;2224,0;0,0
2451,2030117450745;-10,03152251948728;2237,0;0,0
2470,709739727693;-9,021622668678507;2250,0;0,0
2332,1238751058504;16,024034422038724;2263,0;0,0
2582,990113929884;-28,137895245824126;2276,0;0,0
2470,330863811364;6,817179105075841;2290,0;0,0
2358,4900114519082;9,357831277790662;2303,0;0,0
2424,4771743496726;12,394466583325073;2316,0;0,0
2428,5121169783347;-0,8072141867007416;2329,0;0,0
2461,831446355646;4,8659471096484666;2342,0;0,0
2466,1142329386857;0,5235678544444609;2355,0;0,0
2500,0031131539017;-2,8228448317437693;2368,0;0,0
2573,473693002358;-41,939977831841844;2382,0;0,0
2552,5280674171318;-10,594640679026867;2395,0;0,0
2557,8805396970365;-16,788597214873697;2408,0;0,0
2552,2890618222964;-11,196547421672083;2421,0;0,0
2578,5850712000915;-18,5499892289624;2434,0;0,0
2677,778923059751;-61,484230524006115;2447,0;0,0
2624,269130711472;-22,469325495359975;2461,0;0,0
2653,2402027191256;-25,64562649817616;2474,0;0,0
2667,294019623362;-29,062798873979602;2487,0;0,0
2688,1816676887775;-30,151174908571797;2500,0;0,0
2722,7329215383907;-22,272603757686404;2513,0;0,0
2720,5484825794806;-24,40497216124331;2526,0;0,0
2726,2254227763888;-22,05961081174867;2540,0;0,0
2728,3513348990223;-33,05406834913009;2553,0;0,0
2742,4055575637117;-34,121716262665934;2566,0;0,0
2715,539985607487;-29,690946000898336;2579,0;0,0
2767,171520158108;-30,163833570414845;2592,0;0,0
2800,2260908150797;-35,38924856222678;2605,0;0,0
2803,1414013712943;-30,25541934701468;2619,0;0,0
2883,385819365826;-48,821761890708196;2632,0;0,0
2909,5834362897253;-52,620003673877825;2645,0;0,0
2910,720020274427;-49,57964275606754;2658,0;0,0
2888,4615941473235;-39,55364007201942;2671,0;0,0
2908,431889245694;-44,8712269073335;2684,0;0,0
2910,232576452921;-32,99161512778987;2697,0;0,0
2951,9565528536687;-41,194549297969104;2711,0;0,0
2978,8450227565895;-40,692074565892945;2724,0;0,0
2997,286280434835;-42,909590261847896;2737,0;0,0
3017,193745165064;-37,55699540924757;2750,0;0,0
2988,5524421642076;-33,828268152401066;2763,0;0,0
3032,9521888207987;-38,73561904473347;2776,0;0,0
3033,704878685811;-50,69478623730779;2790,0;0,0
3044,2450773267224;-54,20133726517372;2803,0;0,0
3074,238463686223;-54,95572184577469;2816,0;0,0
2923,6618736016835;-47,014270440201116;2829,0;0,0
3133,6526368439568;-63,18127425248089;2842,0;0,0
3150,405502408783;-69,6521816397096;2855,0;0,0
3112,227010509444;-65,45392108942232;2869,0;0,0
3138,547792645559;-64,98152998754198;2882,0;0,0
3133,2463371605477;-61,11393872195296;2895,0;0,0
3166,033343062636;-71,24917518708047;2908,0;0,0
3186,3395034395894;-72,34061204777888;2921,0;0,0
3220,346838788022;-97,59647193882638;2934,0;0,0
3212,2005856182923;-67,47767960167943;2948,0;0,0
3288,6105604141876;-78,51976060344886;2961,0;0,0
3372,9199204628294;-116,31202913856322;2974,0;0,0
3193,410804362647;-63,46995748226773;2987,0;0,0
3226,4389956782557;-74,71696670798156;3000,0;0,0
3238,7821361644237;-58,64709676147217;3013,0;0,0
3230,976750656038;-40,08763147689789;3026,0;0,0
3269,2838742385466;-63,74203668255693;3040,0;0,0
3338,6185873221507;-48,45513318441976;3053,0;0,0
3342,424481149264;-24,814898723836105;3066,0;0,0
3325,5035349398663;-5,470220782750374;3079,0;0,0
3356,473068930256;-12,569292236912094;3092,0;0,0
3377,740029502805;-9,740153332532785;3105,0;0,0
3378,987989636716;-17,141939800986634;3119,0;0,0
3267,645885100073;-0,24338832567069524;3132,0;0,0
3432,859135512897;-1,0244476705078682;3145,0;0,0
3442,0023869690426;11,721519032624965;3158,0;0,0
3463,007067688166;12,638008599311728;3171,0;0,0
3473,711769288711;13,613101001334066;3184,0;0,0
3589,876524597567;-73,206773392688;3198,0;0,0
3484,853180428364;6,806874518839514;3211,0;0,0
3497,115305150141;6,877883731690492;3224,0;0,0
3510,9152685653935;12,40683081248633;3237,0;0,0
3496,1156036698385;15,654702728056158;3250,0;0,0
3539,4241326852643;-12,750954756080919;3263,0;0,0
3425,2650339854204;15,909970882304354;3277,0;0,0
3526,627347081765;15,664647997226147;3290,0;0,0
3552,1200743022623;-18,47183702528759;3303,0;0,0
3542,4932184619706;14,976732306063955;3316,0;0,0
3563,7642446113855;0,9111989425965739;3329,0;0,0
3572,2298017127637;-5,7574333261191875;3342,0;0,0
3538,8288869475327;9,351773562333829;3355,0;0,0
3529,224723307264;2,1202963987143093;3369,0;0,0
3568,1397543322196;-5,9514199906319725;3382,0;0,0
3479,297258174745;8,007675167586711;3395,0;0,0
3684,0932961480353;-44,13793524473965;3408,0;0,0
3629,841794168781;7,776953377184238;3421,0;0,0
3670,5770013903725;10,629393147444674;3434,0;0,0
3710,589794989314;-6,95591471308353;3448,0;0,0
3683,4798546807406;27,323834963966664;3461,0;0,0
3697,8163977725508;16,338116176308098;3474,0;0,0
3726,046125276482;14,577137890071718;3487,0;0,0
3749,5054236575984;27,0291610037225;3500,0;0,0
3780,5953248715173;10,555074070125414;3513,0;0,0
3742,556475201004;30,79128612063768;3527,0;0,0
3805,002222370489;20,949354181763717;3540,0;0,0
3856,809473578087;33,81504148244028;3553,0;0,0
3850,2099125567615;24,218658294524808;3566,0;0,0
3865,8403410290325;29,11283665114999;3579,0;0,0
3864,007346445932;43,162766000418344;3592,0;0,0
3858,8326279614835;30,19096078783987;3606,0;0,0
3860,6285248351182;31,94326875083984;3619,0;0,0
3950,7787540092017;-45,03322103837142;3632,0;0,0
3868,345197211656;30,377219663539947;3645,0;0,0
3885,5658334396403;38,79131105201117;3658,0;0,0
3841,0243649202325;8,595706009898947;3671,0;0,0
3875,486420899343;9,98854574839735;3684,0;0,0
3976,92795170048;56,533437328269066;3698,0;0,0
3880,5359308683305;17,542333253990826;3711,0;0,0
3867,9970068189355;15,081052433633452;3724,0;0,0
3926,675365765691;15,229011657435976;3737,0;0,0
3913,667369631153;10,169095580904894;3750,0;0,0
3935,009031572712;5,615499514708894;3763,0;0,0
3920,40409586675;-4,804146667903872;3777,0;0,0
3908,503895840491;-0,2244860351804263;3790,0;0,0
3920,8895029043642;14,802378626814097;3803,0;0,0
3899,8963559868357;-3,750332484680996;3816,0;0,0
3954,8363438362603;-0,9759721585976564;3829,0;0,0
3928,9392459334154;4,682219291087364;3842,0;0,0
3980,1065800851475;20,294256133633034;3856,0;0,0
3998,043009136494;16,401595335575415;3869,0;0,0
3984,407525566757;11,74800852488972;3882,0;0,0
4011,2212437635912;1,9894096921957356;3895,0;0,0
4028,6745472596554;-1,778772150030072;3908,0;0,0
4064,257656140622;-2,2927800125794917;3921,0;0,0
4063,597118643404;2,178501158927226;3935,0;0,0
3948,8509622426527;34,509083040554536;3948,0;0,0
4148,441658885478;16,072456278566037;3961,0;0,0
4160,699058343012;18,57160729686811;3974,0;0,0
4183,925506208955;4,932250248128469;3987,0;0,0
4196,289527603483;18,470090471951764;4000,0;0,0
4228,802400121368;23,511502869593187;4013,0;0,0
4232,447339115764;19,406865380495105;4027,0;0,0
4277,397416504948;23,043181814388674;4040,0;0,0
4327,700623673207;30,871026307422127;4053,0;0,0
4334,86306431093;24,013379621454433;4066,0;0,0
4357,321171196477;27,0904686790566;4079,0;0,0
4366,405023862862;22,00887049774923;4092,0;0,0
4344,495685016671;18,48945543796775;4106,0;0,0
4306,559617220093;5,940518008474925;4119,0;0,0
4301,45960692371;33,074956366983926;4132,0;0,0
4319,989921126137;20,30327045150416;4145,0;0,0
4360,101472566936;27,260451212708986;4158,0;0,0
4334,560857167455;29,052487028885324;4171,0;0,0
4320,8419232449605;47,71393388613295;4185,0;0,0
4373,910999845465;32,09164946651238;4198,0;0,0
4384,882598198625;27,03538650199225;4211,0;0,0
4388,685437709088;45,838920223194364;4224,0;0,0
4385,861328830797;36,86391989782315;4237,0;0,0
4361,257090739951;46,40362861217638;4250,0;0,0
4368,285418150355;28,893054016552597;4264,0;0,0
4392,628488638501;32,065721164828076;4277,0;0,0
4400,590800418887;31,954588750984882;4290,0;0,0
4428,439205841847;8,051883974924976;4303,0;0,0
4523,677884820557;79,39419573634646;4316,0;0,0
4529,321297150456;-26,262132484293772;4329,0;0,0
4468,335004091216;26,27229906493737;4342,0;0,0
4491,125550619835;31,999790326672667;4356,0;0,0
4535,2796866139115;26,752044051257812;4369,0;0,0
4534,032068970709;43,490553088261805;4382,0;0,0
4680,4104970656235;144,0051260358667;4395,0;0,0
4541,121100165943;21,087495035430734;4408,0;0,0
4521,081945004051;-3,3722044982685873;4421,0;0,0
4552,926026523508;5,884421430508553;4435,0;0,0
4524,338775145559;-0,5162504913847243;4448,0;0,0
4553,310989485209;0,8077580599314871;4461,0;0,0
4548,779936414017;6,341313500030836;4474,0;0,0
4618,1356561624325;-66,67308586809408;4487,0;0,0
4577,454580997465;-4,849975537997068;4500,0;0,0
4565,768049818673;-8,95632846828778;4514,0;0,0
4717,545104621585;76,50878454840677;4527,0;0,0
4699,418740559085;85,54215321769286;4540,0;0,0
4620,971488343517;-12,126156663204966;4553,0;0,0
4751,80000792612;52,35477013795716;4566,0;0,0
4795,4619344106195;25,671658865600733;4579,0;0,0
4717,233962356543;-11,604713638472546;4593,0;0,0
5008,237100805874;124,47312536869694;4606,0;0,0
4939,23081185006;99,29667822788468;4619,0;0,0
5014,016619222425;147,76120234425431;4632,0;0,0
4997,524762725912;163,04321717452348;4645,0;0,0
5032,570591696989;117,69646368668631;4658,0;0,0
5009,671795213944;118,28652635098157;4671,0;0,0
4988,447583424761;123,3285942607541;4685,0;0,0
4959,3337101757015;163,30018586077887;4698,0;0,0
5011,742020612767;169,27482779801608;4711,0;0,0
5074,374516462072;165,68129116930987;4724,0;0,0
5062,780016133711;141,90071773893587;4737,0;0,0
5102,0093616602035;135,04141493500146;4750,0;0,0
5049,025103809539;104,88367282370132;4764,0;0,0
5077,42272592562;98,44181959863656;4777,0;0,0
5016,418778585759;23,005912762373697;4790,0;0,0
5005,472109353099;-0,9572865547073945;4803,0;0,0
4979,2873216041025;-21,12495068830134;4816,0;0,0
4996,157537530837;-35,62497698897408;4829,0;0,0
4915,739144876863;-65,53578079512116;4843,0;0,0
5072,028173203246;-118,05594382254796;4856,0;0,0
5018,7614582806345;-54,26103799860607;4869,0;0,0
5206,622304483363;70,29156150773719;4882,0;0,0
5314,297488668244;110,23693944866;4895,0;0,0
5280,238685488295;82,05100055039281;4908,0;0,0
5250,127422159247;85,20500693999168;4922,0;0,0
5311,90175485532;58,57986363669386;4935,0;0,0
5280,424289628965;11,254529961039196;4948,0;0,0
5262,256030076621;-2,628591905771657;4961,0;0,0
4976,513072585273;-7,312708913867027;4974,0;0,0
5264,792668255446;-51,771111963566796;4987,0;0,0
5185,478594255263;42,76978875504918;5000,0;0,0
5378,607691681647;70,75919330409579;5014,0;0,0
5415,735683424663;86,85082827368163;5027,0;0,0
5387,388430640706;95,48294991604783;5040,0;0,0
5411,9599756359175;84,73394436864234;5053,0;0,0
5447,878393626954;92,75851993845995;5066,0;0,0
5428,533092765875;54,11225112454213;5079,0;0,0
5438,901314417866;61,18361550177832;5093,0;0,0
5500,913649925357;1,0107755044040516;5106,0;0,0
5468,598152426633;-29,328409393288297;5119,0;0,0
5396,527970091834;16,772952253742915;5132,0;0,0
5282,218440067364;5,818669603926793;5145,0;0,0
5314,521970240433;15,458611024221142;5158,0;0,0
5433,095486852811;6,24412109670439;5172,0;0,0
5556,871704318378;37,09099156290344;5185,0;0,0
5565,305995114229;64,69034889589233;5198,0;0,0
5609,994400609236;71,80784564184154;5211,0;0,0
5599,522728715722;48,329135039720484;5224,0;0,0
5633,298728805899;102,89386977616869;5237,0;0,0
5597,338567216104;-7,933214391130576;5251,0;0,0
5589,1586900489565;51,400438619213645;5264,0;0,0
5632,787461712499;57,53612030245023;5277,0;0,0
5691,226360021117;55,421368635266504;5290,0;0,0
5707,854952509634;43,45282236095102;5303,0;0,0
5674,3067525577135;16,704903082754868;5316,0;0,0
5643,5131523085765;-21,86369454015602;5329,0;0,0
5780,9331945384;74,81884397014903;5343,0;0,0
5737,279330196113;-9,531850169747543;5356,0;0,0
5783,783268058593;28,475493183738678;5369,0;0,0
5767,907170514238;27,469530996163314;5382,0;0,0
5816,942447313292;33,72660726938878;5395,0;0,0
5894,620173338466;52,12432106411143;5408,0;0,0
5743,491718096488;45,98687805708636;5422,0;0,0
5679,320488983949;10,075207636576465;5435,0;0,0
5750,800518054269;19,751606246992083;5448,0;0,0
5789,60136551707;33,66505382202482;5461,0;0,0
5777,321661522274;26,010451522278714;5474,0;0,0
5795,98261204152;24,826081023566474;5487,0;0,0
5805,883963769552;46,03926384212605;5501,0;0,0
5888,788201332738;74,79233577342217;5514,0;0,0
5944,531264539116;65,34191055854956;5527,0;0,0
5957,577452143202;71,29111678118585;5540,0;0,0
5836,686367829756;-9,975201399940886;5553,0;0,0
5806,184872785855;-38,432444957310224;5566,0;0,0
5862,340386087412;-62,037388361894216;5580,0;0,0
5860,5998521276415;-9,581457119474805;5593,0;0,0
5952,422587219917;37,816374435762725;5606,0;0,0
5942,672281439794;21,763828666195934;5619,0;0,0
5807,909945451204;-30,492646471425076;5632,0;0,0
5709,403992959746;-89,77387421899243;5645,0;0,0
5888,574195387731;-19,979765244416683;5658,0;0,0
5882,92251644377;-2,127688629414763;5672,0;0,0
5864,575484807801;6,884219227282472;5685,0;0,0
5904,167081724384;-14,924090013311798;5698,0;0,0
5949,27594454734;22,398395835459098;5711,0;0,0
5941,090320113021;-18,311881807578857;5724,0;0,0
5818,161696586517;-56,38244310360329;5737,0;0,0
5777,92752121581;-67,68496463262505;5751,0;0,0
5800,01133117264;-61,569154632693994;5764,0;0,0
5797,950549377256;-63,62020655130192;5777,0;0,0
5811,203094171314;-57,71621654440122;5790,0;0,0
5813,438095638918;-63,56256346231862;5803,0;0,0
5800,67173646538;-64,0245190943129;5816,0;0,0
5807,575851704971;-72,79147895837826;5830,0;0,0
5829,283560889621;-58,04355748383256;5843,0;0,0
5854,470021461877;-48,28679339883661;5856,0;0,0
5849,738745081358;-50,7746065079815;5869,0;0,0
5884,555696426399;-42,37209427625311;5882,0;0,0
5912,731934838844;-36,11128026731609;5895,0;0,0
5955,159742354338;-17,197226960499506;5909,0;0,0
5908,453109821881;-33,841209625227634;5922,0;0,0
5960,000872614843;-37,21056223843965;5935,0;0,0
5908,962794815407;-41,98104894246865;5948,0;0,0
5899,458911087388;-45,37636246023226;5961,0;0,0
6157,8095102143425;109,56124337631763;5974,0;0,0
6189,7346407946125;131,32312816161755;5987,0;0,0
6165,8908845297265;121,20329097755996;6001,0;0,0
6109,4934922558405;80,00394737559634;6000,0;0,0
6113,958546607578;83,76933441523198;6009,0;0,0
6077,940452577553;50,332868953096636;6017,0;0,0
6086,019521835178;69,79302528943953;6026,0;1,0
6072,255778344705;59,5807607171169;6035,0;1,0
6021,783288036449;37,24047133154005;6044,0;2,0
5926,486104808622;-27,609502527377572;6052,0;3,0
6063,7665023859545;56,620176273843356;6061,0;4,0
6095,445374324224;67,96610537169192;6070,0;5,0
6078,162840023433;48,48598728335685;6078,0;6,0
6073,711792382789;54,752105954341175;6087,0;8,0
6137,073141819076;78,14037239241969;6095,0;9,0
6182,701973978505;102,17241349303129;6104,0;11,0
6148,071347056222;70,31075195481691;6112,0;13,0
6177,74765856733;88,1269414121075;6121,0;15,0
6234,324913390172;107,36047558993829;6129,0;17,0
6212,680268965318;104,61950728976717;6138,0;19,0
6240,747802765386;113,48922196722052;6146,0;22,0
6241,577502820515;115,28200303008862;6155,0;24,0
6283,154557364982;143,3037168657533;6163,0;27,0
6274,739536502682;135,70531187951832;6171,0;30,0
6274,4924936420475;134,37480293170745;6179,0;33,0
6338,321275408651;187,26721830212676;6187,0;36,0
6338,375671593426;187,5205345489706;6195,0;40,0
6317,703820936394;171,33342173379697;6203,0;43,0
6347,1467557823125;195,53126637175967;6211,0;47,0
6346,980213116353;195,0943751594593;6219,0;51,0
6377,427547319536;224,9886713323586;6227,0;54,0
6411,208670850505;262,9269172540422;6235,0;59,0
6360,316411154492;207,9707864849782;6242,0;63,0
6386,692047481979;244,42753741709637;6250,0;67,0
6264,590042650827;208,30257081087794;6258,0;71,0
6409,571171319056;269,56728547350644;6265,0;76,0
6419,848640964144;274,36591263904484;6272,0;81,0
6431,96152273216;288,21171515602435;6280,0;85,0
6422,307675365137;287,0383987585006;6287,0;90,0
6433,823711730799;315,96467709484386;6294,0;95,0
6433,182811739002;355,01647497799445;6301,0;101,0
6455,276032436184;340,6682563469008;6308,0;106,0
6453,119742346359;321,33194154860286;6315,0;111,0
6481,829384922898;374,94048723427716;6321,0;117,0
6488,96269069949;385,4882116101317;6328,0;123,0
6499,012511169743;408,3833559062649;6335,0;128,0
6504,975182466553;425,54461250095005;6341,0;134,0
6494,784387383867;396,120786774895;6347,0;140,0
6505,891272233709;430,76720298735324;6354,0;146,0
6493,567933726582;395,85503813728076;6360,0;153,0
6503,821901966894;425,0404545072149;6366,0;159,0
6490,070230224004;388,591814782813;6372,0;165,0
6487,329923693718;385,4304146470853;6377,0;172,0
6495,970482590021;399,2165255490378;6383,0;179,0
6454,059217160215;319,4227081168873;6389,0;185,0
6475,382031087199;355,1771688413085;6394,0;192,0
6474,4499036399875;355,68294565265944;6399,0;199,0
6461,869285398758;331,5260907949808;6405,0;206,0
6410,3164971398355;261,5132269652843;6410,0;213,0
6433,500901925155;290,9688243092179;6415,0;220,0
6428,755802773427;285,26819142022043;6419,0;228,0
6441,735423525457;300,8592967166813;6424,0;235,0
6446,077554123291;307,0133723487786;6429,0;242,0
6457,0293009642155;324,07554575807274;6433,0;250,0
6467,213087987882;344,28460265524575;6437,0;258,0
6502,455530866636;434,04530941982955;6441,0;265,0
6460,232508294615;331,64257138958016;6446,0;273,0
6479,220475677854;362,12948864776035;6449,0;281,0
6475,903919063891;356,4554195702666;6453,0;289,0
6489,205383674427;383,2509265981615;6457,0;297,0
6492,371427023605;391,5343454307797;6460,0;305,0
6479,5430784383525;364,1327259288131;6464,0;313,0
6485,464082653987;378,1695340068919;6467,0;321,0
6509,714923586236;448,68392801108564;6470,0;329,0
6491,356245046534;401,7082604411068;6473,0;337,0
6503,355207175429;421,1767283447741;6476,0;345,0
6505,537976656027;437,39973049277796;6478,0;354,0
6485,436841889203;466,1643176493128;6481,0;362,0
6495,601710098474;440,7162215537541;6483,0;371,0
6508,227516647001;451,10775373872514;6485,0;379,0
6509,619859136959;489,803643802486;6487,0;388,0
6504,6356659214125;476,73822549496066;6489,0;396,0
6496,883202732331;417,91919826621046;6491,0;405,0
6502,003470709665;496,649163651239;6492,0;413,0
6509,676349766682;509,84116211535854;6494,0;422,0
6510,875795551138;527,5915754587583;6495,0;430,0
6512,302863910414;545,1202782363937;6496,0;439,0
6510,34449011622;526,3710078441965;6497,0;448,0
6502,905632224885;587,7682460585902;6498,0;456,0
6506,439179591745;601,1074944583637;6499,0;465,0
6514,836737813723;567,4812058467148;6499,0;474,0
6505,948324153618;596,7414103444055;6500,0;483,0
6482,438790496874;610,2557899310523;6500,0;491,0
6508,709544504743;593,3593835583958;6500,0;500,0
6502,348678822197;614,8014758858907;6500,0;509,0
6490,18932794164;642,4434010770825;6500,0;517,0
6465,262390218965;620,170291524568;6499,0;526,0
6461,230721070266;618,4717438599934;6499,0;535,0
6465,498519446328;630,576618270425;6498,0;544,0
6488,60146525047;658,7284351633025;6497,0;552,0
6252,569911358288;724,0013314845846;6496,0;561,0
6480,832784468808;658,9034239604212;6495,0;570,0
6478,227083386273;678,2773921083684;6494,0;578,0
6487,457542852544;658,9213164099054;6492,0;587,0
6510,440968723306;580,9188998370967;6491,0;595,0
6465,779649688354;700,183010333434;6489,0;604,0
6474,11768096886;685,6703185827296;6487,0;612,0
6452,429039764697;721,252855542469;6485,0;621,0
6450,0423551948;716,9395275979208;6483,0;629,0
6449,672246249285;727,6075658860341;6481,0;638,0
6457,61496561432;710,1738677038492;6478,0;646,0
6431,51841692986;743,6738593213756;6476,0;655,0
6430,117798772551;751,95920476936;6473,0;663,0
6433,330519568639;735,7630936569227;6470,0;671,0
6424,115753670841;753,3249706807546;6467,0;679,0
6433,124948738079;742,9761544952853;6464,0;687,0
6434,547029765272;734,4039791582643;6460,0;695,0
6418,549371959449;753,984726184159;6457,0;703,0
6450,31469007852;701,1048112203313;6453,0;711,0
6417,057715348203;763,049731970176;6449,0;719,0
6396,950189762899;785,9783807509241;6446,0;727,0
6398,779322631446;782,880274839521;6441,0;735,0
6388,823227215161;793,9893448197508;6437,0;742,0
6390,095708905027;794,6179982953632;6433,0;750,0
6372,067590500274;806,367812319683;6429,0;758,0
6352,366761818502;836,05415648332;6424,0;765,0
6370,7850036520895;812,6237929367444;6419,0;772,0
6371,522676675877;811,2166231835798;6415,0;780,0
6345,96683197608;838,8533052282819;6410,0;787,0
6331,488031103262;843,609425059825;6405,0;794,0
6295,538353570503;878,3913468736589;6399,0;801,0
6292,153128682272;874,8295702288293;6394,0;808,0
6272,442007916492;887,5317203239282;6389,0;815,0
6275,067154296743;876,253948839591;6383,0;821,0
6256,568027777881;892,0780563316856;6377,0;828,0
6242,972141740754;911,1675821213977;6372,0;835,0
6236,456254560992;901,9462679347557;6366,0;841,0
6166,655851622181;959,2304857283048;6360,0;847,0
6195,9068476915945;946,226401227362;6354,0;854,0
6186,678247905862;937,4310408931142;6347,0;860,0
6138,977060245474;992,6936647247303;6341,0;866,0
6156,753489864368;955,3571160127044;6335,0;872,0
6163,249125921757;955,3638118158631;6328,0;877,0
6154,505507194881;951,9579080816927;6321,0;883,0
6167,296427765231;939,5714673631064;6315,0;889,0
6165,35647366685;946,941618457333;6308,0;894,0
6148,565860042039;870,320984384171;6301,0;899,0
6155,571960682069;935,3450637141323;6294,0;905,0
6156,576266072067;935,6562414267589;6287,0;910,0
6162,434917652182;900,7689684708293;6280,0;915,0
6210,341961028505;850,693409958764;6272,0;919,0
6156,410500879484;896,9098172133781;6265,0;924,0
6187,478856004889;881,7039895299334;6258,0;929,0
6167,195494226641;881,397323840682;6250,0;933,0
6194,872512947803;824,020891538064;6242,0;937,0
6157,775954347278;839,0180425500107;6235,0;941,0
6160,349584803351;885,6125921640075;6227,0;946,0
6155,830357510332;883,261267549198;6219,0;949,0
6115,269205968709;907,2878730084376;6211,0;953,0
6132,88417682673;910,2919001877217;6203,0;957,0
6116,292575351808;923,6554349403527;6195,0;960,0
6130,05051061541;922,4598427924836;6187,0;964,0
6124,679598293073;921,9327863259009;6179,0;967,0
6024,949794533876;932,8234665948041;6171,0;970,0
6126,4052434618025;890,8210194111509;6163,0;973,0
6094,804934295102;906,1100081980626;6155,0;976,0
6100,911860344112;924,4137202159114;6146,0;978,0
6086,655754203644;934,8460058704829;6138,0;981,0
6085,393296589954;922,0525598150307;6129,0;983,0
6082,534512906081;938,851569000374;6121,0;985,0
6042,299772407612;958,9776525144879;6112,0;987,0
6050,428635206881;945,2358928211147;6104,0;989,0
6043,61221563462;959,3522807766446;6095,0;991,0
6045,536061851244;942,8087712958911;6087,0;992,0
6026,637248667591;909,0234186338943;6078,0;994,0
6018,660996324018;882,5285280870619;6070,0;995,0
6020,295234573568;882,991873154223;6061,0;996,0
6002,464885173773;848,0995895686199;6052,0;997,0
5982,939403992717;893,4793789131342;6044,0;998,0
5951,326349346662;889,0022357287075;6035,0;999,0
5961,266974700462;866,6189908206352;6026,0;999,0
5925,565699433052;884,573123176903;6017,0;1000,0
5904,927314115208;864,0227003434082;6009,0;1000,0
5904,613210761487;846,409639617124;6000,0;1000,0
5851,985999295215;882,6741068106708;5987,0;1000,0
5836,5523136294105;808,3398173817172;5974,0;1000,0
5821,6843311687735;712,2464940245575;5961,0;1000,0
5817,009580519134;756,8348038395281;5947,0;1000,0
5784,294211419524;667,709405138255;5934,0;1000,0
5725,499035289227;1066,566257274155;5921,0;1000,0
5740,033495069778;949,5338242358705;5908,0;1000,0
5735,885145778241;969,0150408597144;5895,0;1000,0
5705,933771197166;942,8983058946762;5882,0;1000,0
5809,721945761784;901,7001668066247;5868,0;1000,0
5655,384904824501;972,0542193562467;5855,0;1000,0
5666,724153624648;927,4389296211903;5842,0;1000,0
5656,427265183598;938,4726552246168;5829,0;1000,0
5811,445282021041;843,243918597597;5816,0;1000,0
5605,897099181348;931,500297452006;5803,0;1000,0
5595,817215198736;1001,5789638364924;5789,0;1000,0
5529,398513737676;1075,7370393949705;5776,0;1000,0
5547,234894898285;1038,5618541647477;5763,0;1000,0
5561,6623263222355;999,9941725998715;5750,0;1000,0
5575,822317389019;980,1220062721256;5737,0;1000,0
5544,566274070457;962,674856277251;5724,0;1000,0
5539,573735386639;999,5389899585723;5710,0;1000,0
5549,4961165067925;957,7322256109519;5697,0;1000,0
5526,541006798475;934,3538171567536;5684,0;1000,0
5541,043801093139;940,408154714918;5671,0;1000,0
5508,421916127611;1026,8776243522952;5658,0;1000,0
5495,762199080386;999,9246905651207;5645,0;1000,0
5483,686356273942;1097,7754749032028;5632,0;1000,0
5487,677840404388;1023,4784871985634;5618,0;1000,0
5456,6749103915145;1021,5866372764808;5605,0;1000,0
5472,616321707155;1042,1384329788932;5592,0;1000,0
5466,28286498227;998,7102805813488;5579,0;1000,0
5425,028360040283;1003,3922432868626;5566,0;1000,0
5432,370875065873;1003,8022753989937;5553,0;1000,0
5416,268039190141;1068,9724124864847;5539,0;1000,0
5398,7980756230745;1005,009378305895;5526,0;1000,0
5415,9635965350235;992,2794982209277;5513,0;1000,0
5366,908644326694;1029,151401186065;5500,0;1000,0
5375,780562943389;1025,1077671718112;5487,0;1000,0
5341,681919668668;1009,7294576900487;5474,0;1000,0
5285,161971329563;1042,4970992302262;5460,0;1000,0
5286,672480271172;1025,354635250058;5447,0;1000,0
5282,144145875893;1039,0080433364242;5434,0;1000,0
5110,59535440281;1040,6616795011635;5421,0;1000,0
5226,725319385558;1051,1899454294635;5408,0;1000,0
5195,206598983004;1035,3444932079885;5395,0;1000,0
5218,407201073164;1041,4137730614104;5381,0;1000,0
5183,399983842792;1049,9506978898598;5368,0;1000,0
5181,48593856808;1042,7143100146918;5355,0;1000,0
5170,727783815126;1057,2560300374464;5342,0;1000,0
5134,565295364987;1036,3147908178903;5329,0;1000,0
5124,138400294577;1021,5284670540818;5316,0;1000,0
5111,499524294416;1115,3179243414295;5303,0;1000,0
5092,859229138117;1033,9730982593212;5289,0;1000,0
5086,003183988591;1040,280120063848;5276,0;1000,0
5092,451850897183;1003,4352198831397;5263,0;1000,0
5037,5271803861515;1029,843285392245;5250,0;1000,0
4996,761326619239;1038,5453151117108;5237,0;1000,0
4981,535226228776;1047,1461263624128;5224,0;1000,0
4972,534884505984;1030,0571192738782;5210,0;1000,0
4956,44532118065;1025,5378868485018;5197,0;1000,0
4948,531530749335;1015,7801050629712;5184,0;1000,0
4957,473086191016;1002,1977590778663;5171,0;1000,0
4951,566670672651;991,5287628285414;5158,0;1000,0
4924,0305471503725;1003,1141877422947;5145,0;1000,0
4918,477722771631;957,3235498099671;5131,0;1000,0
4881,526505397356;989,932414647029;5118,0;1000,0
4836,126036140087;988,3703721862371;5105,0;1000,0
4842,922616359799;977,5249134718945;5092,0;1000,0
4832,549383812742;997,5533312611691;5079,0;1000,0
4822,193450934719;994,8064419223116;5066,0;1000,0
4795,913142548547;993,4862556432371;5052,0;1000,0
4827,837128211801;984,843717115914;5000,0;1000,0
4806,602229722173;1021,8230176176236;4990,0;1000,0
4808,646573961547;975,6003764357674;4980,0;1000,0
4769,91250079784;978,7312630557567;4971,0;1000,0
4755,356261711657;978,2799539954946;4961,0;1001,0
4749,858620330219;982,5053496827541;4951,0;1001,0
4743,020551124446;982,7789535572945;4941,0;1002,0
4746,865838131867;1007,8647875054921;4932,0;1002,0
4742,4734285210625;966,4948892802661;4922,0;1003,0
4703,1935327323645;955,6713239801164;4912,0;1004,0
4719,306457754619;979,3999434303616;4903,0;1005,0
4694,168304637071;972,8891251323296;4893,0;1006,0
4683,168724391775;983,148479398088;4883,0;1007,0
4669,757494797906;990,2429578988583;4874,0;1008,0
4662,810168934593;954,9829033156627;4864,0;1009,0
4694,197763831775;1025,209707294476;4854,0;1011,0
4673,522833041872;1041,8723362863186;4845,0;1012,0
4649,428821732944;1057,110585525712;4835,0;1014,0
4674,954131530653;1099,027626554979;4825,0;1015,0
4629,839592002586;1037,9285360265026;4816,0;1017,0
4624,739372583665;992,6586449084248;4806,0;1019,0
4625,091404607372;1018,4215931276555;4797,0;1021,0
4606,647977099973;1029,523100773316;4787,0;1023,0
4638,519958537887;1054,9508507908681;4777,0;1025,0
4634,828832646479;1110,5340435180487;4768,0;1027,0
4621,802196514941;1035,1032952968148;4758,0;1030,0
4639,708520344905;911,7598842910427;4749,0;1032,0
4598,200258333696;943,3266176505145;4740,0;1034,0
4631,522891669405;1005,8614953678128;4730,0;1037,0
4591,022489817789;998,1100890105695;4721,0;1040,0
4575,186791847522;1034,2389755714034;4711,0;1043,0
4560,568344343333;1024,8158339422657;4702,0;1045,0
4699,721065375522;960,0884921566363;4693,0;1048,0
4600,167681156701;1091,804785399295;4684,0;1051,0
4656,33071845596;1055,0534727626416;4674,0;1055,0
4613,610651220953;1094,2672003527052;4665,0;1058,0
4567,000355024356;1138,073317099608;4656,0;1061,0
4603,505661215261;1105,2180857048866;4647,0;1064,0
4706,859151192178;1011,3953569632985;4638,0;1068,0
4526,456174131023;1149,0390754461635;4629,0;1072,0
4422,3105825624925;1248,0326444445489;4620,0;1075,0
4384,742027385686;1351,6050162908;4611,0;1079,0
4355,783935843131;1325,4494121477767;4602,0;1083,0
4484,2585366788535;1233,3000426996139;4593,0;1087,0
4377,099653798568;1305,5487324713874;4584,0;1091,0
4372,7054751179385;1283,822987719343;4575,0;1095,0
4358,614737090654;1256,289279479954;4566,0;1099,0
4390,085473510794;1219,9585311519381;4557,0;1103,0
4454,64667559179;1095,4251880839108;4549,0;1108,0
4456,684400095958;1045,4976959076798;4540,0;1112,0
4451,39610126942;1162,166520761266;4531,0;1117,0
4471,098079899675;1207,5038075759971;4523,0;1121,0
4429,967557578614;1220,0251219350414;4514,0;1126,0
4418,488639464397;1277,9553271902657;4506,0;1131,0
4390,2889649962235;1301,5826126218135;4497,0;1136,0
4394,733715693359;1266,529115330563;4489,0;1141,0
4396,1667154822035;1232,4741494736113;4480,0;1146,0
4396,33411525743;1272,9514234684698;4472,0;1151,0
4358,518273962132;1201,5579141873727;4464,0;1156,0
4333,286312230915;1123,7218861531258;4456,0;1161,0
4384,309266343105;1137,922239395326;4447,0;1167,0
4394,008333624778;1196,6373467237788;4439,0;1172,0
4409,323791944375;1224,9121623996157;4431,0;1177,0
4461,396130819045;1235,2836725901716;4423,0;1183,0
4472,930679885543;1178,5512719066974;4415,0;1189,0
4357,752349959268;1018,3164973463155;4407,0;1194,0
4462,379424334593;1190,115797882799;4400,0;1200,0
4486,228208807017;1261,102310042117;4392,0;1206,0
4480,996172123392;1275,5582093619928;4384,0;1212,0
4514,544414737389;1265,74667353215;4377,0;1218,0
4535,221303634179;1230,6902597844096;4369,0;1224,0
4576,620601482156;1180,2629629914825;4361,0;1230,0
4602,789864245677;1183,924822613434;4354,0;1237,0
4556,170947363404;1194,3437911735537;4346,0;1243,0
4516,041991594965;1206,213670877417;4339,0;1250,0
4545,655119656987;1178,6933849229345;4332,0;1256,0
4504,897676871861;1166,730929585215;4325,0;1263,0
4486,095593558735;1179,1842878329794;4317,0;1269,0
4487,1044061322455;1103,347889908042;4310,0;1276,0
4590,751031327332;1216,7715004868026;4303,0;1283,0
4738,569634060241;1023,1287237393378;4296,0;1289,0
4803,451019238108;989,4073403524219;4289,0;1296,0
4253,870879502656;1160,5588639801567;4283,0;1303,0
4107,081909560487;1356,7025905704256;4276,0;1310,0
4107,095896664529;1398,5402453741956;4269,0;1317,0
4071,088044350176;1492,2648244774334;4263,0;1325,0
4343,183831616987;1174,682554339765;4256,0;1332,0
4084,2370296518693;1490,107674839534;4250,0;1339,0
4118,50330851322;1588,7456662585955;4243,0;1346,0
4122,307193576621;1634,2004868090394;4237,0;1354,0
4120,553618575596;1610,366813540814;4230,0;1361,0
4126,875172168217;1589,576451788819;4224,0;1369,0
4104,903472144288;1673,0546496574934;4218,0;1377,0
4062,6669876637065;1585,3797646619478;4212,0;1384,0
4105,737404903921;1614,689015298178;4206,0;1392,0
4089,2541287901936;1663,0648605279948;4200,0;1400,0
4099,553904566446;1615,6033639449277;4194,0;1407,0
4096,371734688917;1715,4254647953148;4189,0;1415,0
4103,489393151467;1561,656271644185;4183,0;1423,0
4091,293915964158;1579,4347070431393;4177,0;1431,0
4080,3343825432503;1579,4038982705042;4172,0;1439,0
4094,8325353434234;1617,3386309604516;4167,0;1447,0
4085,4211433340956;1597,2491924017788;4161,0;1456,0
4079,17203935797;1585,3749792902718;4156,0;1464,0
4078,1700546551815;1636,877848519778;4151,0;1472,0
4088,698879344252;1639,118585915458;4146,0;1480,0
4049,1070547287304;1688,81326102807;4141,0;1489,0
4087,924358304227;1660,6453625191903;4136,0;1497,0
4059,1336536600834;1660,0204793978303;4131,0;1506,0
4087,702810703111;1642,465290027248;4126,0;1514,0
4065,3578552666536;1645,585259594455;4121,0;1523,0
4021,7022613310787;1668,1830869934222;4117,0;1531,0
4035,590682518911;1669,319258982837;4112,0;1540,0
4008,8967043509056;1676,3861977913766;4108,0;1549,0
3982,0331927898033;1758,7574575892181;4103,0;1557,0
4043,5858236215945;1678,2256169210746;4099,0;1566,0
4013,3884583618433;1806,245559918771;4095,0;1575,0
4062,007891319409;1791,7823427186108;4091,0;1584,0
4068,408697832913;1781,5594651616116;4087,0;1593,0
4041,9444494335366;1828,4080489654827;4083,0;1602,0
4064,4665273870073;1838,5838856936687;4079,0;1611,0
4034,6070455681215;1883,9770588522147;4075,0;1620,0
4007,279263104892;1846,8818337661896;4072,0;1629,0
4045,0514394768343;1926,8831176234314;4068,0;1638,0
3909,154043452242;2053,1400888597;4064,0;1647,0
3936,737772313711;1984,0201633292909;4061,0;1656,0
3956,251913939224;1949,3747623379752;4058,0;1665,0
4046,97646492131;1753,1167306818918;4055,0;1674,0
4372,775434578469;1271,324531695455;4051,0;1684,0
4386,421878535981;1271,000088476162;4048,0;1693,0
4352,418476171748;1384,8626358249162;4045,0;1702,0
4035,778526878079;1900,1712343736754;4043,0;1711,0
4271,753587264936;1050,3627736883216;4040,0;1721,0
4068,5209487415477;1830,2247358035368;4037,0;1730,0
4039,041839775389;1960,3198684729823;4034,0;1740,0
4047,5713709204842;1918,6954900614398;4032,0;1749,0
4133,335676251255;1740,135049159691;4030,0;1758,0
4174,328188943449;1675,5457452708351;4027,0;1768,0
4306,863224469542;1446,6058766780263;4025,0;1777,0
4248,43317487004;1550,7034667661976;4023,0;1787,0
4213,898059691197;1550,0231085837993;4021,0;1797,0
4193,8798226532;1621,5799275057939;4019,0;1806,0
4211,076823238209;1679,1775711466405;4017,0;1816,0
4211,079756625329;1639,2824827706727;4015,0;1825,0
4181,108910379464;1528,5715484422858;4014,0;1835,0
4033,556850002927;2032,1161243804431;4012,0;1845,0
4004,1340612119543;2148,1425508561783;4011,0;1854,0
3999,949140529136;2192,4154017043948;4009,0;1864,0
3987,933482262554;2224,7402516176294;4008,0;1874,0
4093,778598910274;2049,159242166282;4007,0;1883,0
4031,648978925697;2119,007855151872;4005,0;1903,0
4030,098827155324;2135,8424692000813;4004,0;1912,0
4043,9212837935593;2111,8392662800115;4003,0;1922,0
4048,7388276987995;2126,4277316837283;4002,0;1932,0
4085,758374901656;2038,1679925158096;4002,0;1941,0
4085,8564920190925;2018,4201016209374;4001,0;1951,0
4056,417606669724;1886,2834212352204;4001,0;1961,0
4089,5717410312154;2010,1504797535315;4000,0;1971,0
4051,5801104288375;2102,229505194937;4000,0;1980,0
4135,838814726806;2004,858179463519;4000,0;1990,0
4000,058127537438;2267,9114622911748;4000,0;2000,0
4027,0110526722115;2252,6461489380804;4000,0;2013,0
3959,347729154986;2421,263082105379;4000,0;2026,0
4032,8985381158095;2234,8364995445963;4000,0;2039,0
4036,9322418735296;2273,159714576135;4000,0;2053,0
4042,7135908057917;2270,867154954536;4000,0;2066,0
4064,9615680096595;2222,31281836221;4000,0;2079,0
4056,188293931269;2294,090812938898;4000,0;2092,0
4165,648808183646;2064,772148228505;4000,0;2105,0
4077,07299833519;2222,7736086849736;4000,0;2118,0
4078,857602864766;2238,059470172462;4000,0;2132,0
4076,8531533109563;2234,811170500274;4000,0;2145,0
4084,045741709985;2209,757228254612;4000,0;2158,0
4063,537689827996;2278,631055727437;4000,0;2171,0
4053,456106495647;2346,28579580805;4000,0;2184,0
4050,2866520744274;2334,6516868633007;4000,0;2197,0
4054,6516763234013;2487,705249722578;4000,0;2211,0
4029,065336030262;2380,2869373372555;4000,0;2224,0
4051,0469170700785;2324,5088344312753;4000,0;2237,0
4022,9262935739575;2405,3328031754527;4000,0;2250,0
4097,282787384579;2217,6858449245556;4000,0;2263,0
4062,926069188043;2301,8112828342337;4000,0;2276,0
4058,9949354488863;2294,0566484829405;4000,0;2290,0
4069,472688476514;2312,402224219845;4000,0;2303,0
4065,5129387918155;2327,478505689842;4000,0;2316,0
4066,0630922233577;2335,5056315003367;4000,0;2329,0
4057,872503475208;2351,2050661020803;4000,0;2342,0
4055,5922269746975;2368,5209709642604;4000,0;2355,0
4043,9898765293105;2396,617663564155;4000,0;2368,0
4038,047819814013;2439,2225436466547;4000,0;2382,0
4039,1104699247717;2489,0471242571184;4000,0;2395,0
4035,863062220319;2507,6587883086963;4000,0;2408,0
4037,498461768155;2506,3952807150995;4000,0;2421,0
4031,843791770791;2544,3347741228185;4000,0;2434,0
4047,5897131982183;2500,592723827996;4000,0;2447,0
4050,8813038690737;2510,980392257376;4000,0;2461,0
4050,7864072352186;2483,6911365424253;4000,0;2474,0
4044,087982613168;2489,221706665441;4000,0;2487,0
4054,3817039729656;2483,0033661888024;4000,0;2500,0
4038,841264772229;2529,4101961614465;4000,0;2513,0
4042,7561939238335;2538,6156060146636;4000,0;2526,0
4020,829094389081;2611,285131692529;4000,0;2540,0
4021,573572258444;2617,085694146882;4000,0;2553,0
4036,8012811837248;2547,280099662617;4000,0;2566,0
4024,0243110667125;2601,4300893066224;4000,0;2579,0
4015,118241807303;2663,2769377943323;4000,0;2592,0
4014,3502456184974;2681,4571296784156;4000,0;2605,0
4008,814451587574;2709,158025409169;4000,0;2619,0
4018,2164549773734;2630,0141669455274;4000,0;2632,0
4005,782896704003;2718,718636739162;4000,0;2645,0
4016,451306349161;2700,816368126728;4000,0;2658,0
4023,3210604999094;2658,6709583627025;4000,0;2671,0
4012,201791794172;2734,354654328177;4000,0;2684,0
4024,200243356735;2609,9968208308364;4000,0;2697,0
4014,7617415403893;2638,309457635364;4000,0;2711,0
4014,1501504347693;2667,4563217530244;4000,0;2724,0
4011,819675930107;2670,221263009595;4000,0;2737,0
4025,8140951688583;2617,759024392508;4000,0;2750,0
4014,2611878904477;2688,357406689294;4000,0;2763,0
4012,0818622836377;2678,0967512909906;4000,0;2776,0
4013,0086712577704;2717,818392879978;4000,0;2790,0
3997,4187937119636;2795,3212375312078;4000,0;2803,0
3987,724936630158;2886,9409301788114;4000,0;2816,0
3974,4311555198847;2675,735818430441;4000,0;2829,0
3980,663281923247;2880,9442188338458;4000,0;2842,0
3967,3861249836928;2950,605074461308;4000,0;2855,0
3956,4617676616544;2955,4364676733135;4000,0;2869,0
4028,332314050416;2601,4419664140582;4000,0;2882,0
3979,0317490428015;2929,4532021792375;4000,0;2895,0
3983,6154120604324;2905,1833435600197;4000,0;2908,0
3968,2468412966746;2698,3354060817774;4000,0;2921,0
3986,7863749714948;2967,4967748616436;4000,0;2934,0
3973,030000932555;3014,7499695874994;4000,0;2948,0
3975,492824508482;3033,9955674429575;4000,0;2961,0
3964,756486148509;3059,9843183683024;4000,0;2974,0
3988,216823635203;3012,820366578398;4000,0;2987,0
3967,291579200878;3030,4749093590863;4000,0;3000,0
3958,048115050609;3056,5486075814033;4000,0;3000,0
3961,329448891065;3051,839639223152;4000,0;3013,0
3958,4469186285955;3042,8557504846144;4000,0;3026,0
3941,9441524931312;3110,45334382278;3999,0;3038,0
3942,5046980841307;3135,2936998037844;3999,0;3051,0
3925,6045029896413;3173,304162844878;3998,0;3064,0
3950,0300714868495;3170,5675942241287;3997,0;3077,0
3901,147705635809;3229,102380013049;3996,0;3089,0
3913,6850518910555;3220,799656943998;3995,0;3102,0
3901,5458040915773;3295,6871931286214;3993,0;3115,0
3911,4961754834153;3230,6791295011276;3992,0;3127,0
3894,952389626831;3307,336644243376;3990,0;3140,0
3902,519290037536;3282,5035360406723;3988,0;3153,0
3895,184322523866;3313,3889325576943;3986,0;3165,0
3888,8683240612468;3352,650069200728;3984,0;3178,0
3884,5817503748663;3366,9481164607323;3982,0;3190,0
3889,8456437013165;3355,7823596531334;3979,0;3203,0
3884,360664601542;3367,2340342282428;3977,0;3215,0
3786,037647453;3550,5223003452847;3974,0;3228,0
3825,6534283706883;3487,0434032640856;3971,0;3240,0
3871,027875693332;3406,857134804087;3968,0;3253,0
3833,7656791488635;3488,062438795658;3964,0;3265,0
3841,3021692495236;3454,377987500698;3961,0;3277,0
3844,2755694250086;3464,456420914294;3957,0;3290,0
3823,247889643235;3508,5147643883583;3953,0;3302,0
3824,8939131933953;3505,158901295192;3949,0;3314,0
3807,1338501134587;3537,843667098565;3945,0;3326,0
3785,7390360548898;3573,7771236459776;3941,0;3338,0
3785,122793828959;3574,600448546791;3937,0;3350,0
3701,3092369311235;2862,55830024311;3932,0;3362,0
3593,668442834657;3716,5984826782005;3928,0;3374,0
3786,481190963602;3562,9807761507373;3923,0;3386,0
3761,5617220585136;3572,991481832182;3918,0;3397,0
3786,403646086995;3503,471785078861;3913,0;3409,0
3771,6295603481467;3531,4211905741927;3907,0;3421,0
3774,5534300946624;3558,4300646926604;3902,0;3432,0
3806,8739917443295;3503,846615397212;3896,0;3444,0
3795,4992030131866;3541,608907222327;3890,0;3455,0
3785,511889338792;3558,166123670224;3885,0;3466,0
3755,3575613834096;3607,9949554198197;3879,0;3478,0
3693,6260950414603;3686,682312036621;3872,0;3489,0
3697,6497633804865;3670,7312137917943;3866,0;3500,0
3719,654460697405;3644,0754482462253;3853,0;3522,0
3746,2881299988444;3586,750567101555;3846,0;3533,0
3755,62479616501;3569,2458492069973;3839,0;3544,0
3751,391638870907;3601,0470935834105;3832,0;3554,0
3756,7073683124627;3595,170596357949;3825,0;3565,0
3669,6266118399976;3719,406175112188;3818,0;3575,0
3830,132726004989;3489,3205110657773;3811,0;3586,0
3846,9463417500824;3442,9273189058326;3803,0;3596,0
3835,9063755217767;3475,5756278894783;3795,0;3606,0
3787,8962578853175;3540,3884722883336;3787,0;3616,0
3760,8052023964005;3596,3246100179626;3780,0;3626,0
3699,500869974923;3687,395672178889;3771,0;3636,0
3676,356247404416;3715,3174811305444;3763,0;3646,0
3629,129854220015;3761,3742976132917;3755,0;3656,0
3602,951090838499;3784,1469358356594;3747,0;3665,0
3606,875168213016;3780,9832800778668;3738,0;3675,0
3668,3931534209596;3722,066912488816;3729,0;3684,0
3682,4747539246496;3708,736567236123;3721,0;3693,0
3653,4390881957934;3738,982953036575;3712,0;3703,0
3483,770808281915;3866,303461007668;3703,0;3712,0
3470,5293004614045;3874,710821794762;3693,0;3721,0
3583,4804228724815;3799,524452843276;3684,0;3729,0
3600,1780326761186;3785,3424120828677;3675,0;3738,0
3476,751816736911;3871,041786228078;3665,0;3747,0
3521,2829884948887;3837,8157995670335;3656,0;3755,0
3547,7264922001254;3825,0352374708987;3646,0;3763,0
3515,8717822939243;3840,762099848238;3636,0;3771,0
3538,310271064293;3831,29011391792;3626,0;3780,0
3543,7949740141244;3829,3782245313046;3616,0;3787,0
3540,6044274789474;3828,6129174112025;3606,0;3795,0
3559,5098574529347;3816,82087673647;3596,0;3803,0
3585,166849567998;3799,0162678292177;3586,0;3811,0
3583,126140824086;3799,568441585584;3575,0;3818,0
3545,0243813707175;3827,4740038091572;3565,0;3825,0
3574,8429046076094;3806,9384157650807;3554,0;3832,0
3531,0104465448217;3838,014722679538;3544,0;3839,0
3323,5338255617767;3894,680794601059;3533,0;3846,0
3482,4261690871654;3866,117818878449;3522,0;3853,0
3479,327416304866;3869,725892017629;3511,0;3860,0
3442,7127229676476;3889,6376290653857;3500,0;3866,0
3476,260731519204;3870,946182949099;3489,0;3872,0
3481,1700543364905;3867,910655877512;3478,0;3879,0
3472,23696556174;3872,679685115629;3466,0;3885,0
3457,365319955665;3879,258979714312;3455,0;3890,0
3457,899628295288;3881,6636730704586;3444,0;3896,0
3438,885160661023;3885,3749961971957;3432,0;3902,0
3382,627902788533;3790,0670795077635;3421,0;3907,0
3423,873714963762;3898,212261890963;3409,0;3913,0
3331,1144522896147;3739,6994069405687;3397,0;3918,0
3426,600920156623;3897,2668939490145;3386,0;3923,0
3281,2498692888607;3850,503271056902;3374,0;3928,0
3274,8321615821737;3957,0666636994797;3362,0;3932,0
3305,715553954371;3931,026764520275;3350,0;3937,0
3292,502672994832;3948,67370696308;3338,0;3941,0
3250,4517437077625;3947,422983662835;3326,0;3945,0
3347,861835774107;3930,230535198785;3314,0;3949,0
3278,777388781963;3953,056136938308;3302,0;3953,0
3215,2212520560165;3974,8987859025724;3290,0;3957,0
3102,802570190968;3088,962246027218;3277,0;3961,0
3258,0489697230037;3951,191579263489;3265,0;3964,0
3236,96987138644;3965,794101679266;3253,0;3968,0
3245,3536983083327;3967,841431487841;3240,0;3971,0
3194,2275086490718;3980,8463327272675;3228,0;3974,0
3220,610689935077;3973,4032876210667;3215,0;3977,0
3374,6941067755083;3911,0484310387264;3203,0;3979,0
3216,2291435926513;3967,305351405107;3190,0;3982,0
3234,745232798785;3962,0669008992;3178,0;3984,0
3307,1851527857893;3935,845602425659;3165,0;3986,0
3146,166361187601;3731,183918370809;3153,0;3988,0
3207,6919407358832;3952,7373860809676;3140,0;3990,0
3211,234058936729;3811,00165765574;3127,0;3992,0
3230,6573864162897;3960,8595212727973;3115,0;3993,0
3187,968353774899;3973,3665184032507;3102,0;3995,0
3386,340906273372;3903,4169999345518;3089,0;3996,0
3215,1370913765522;3962,9717176675217;3077,0;3997,0
3225,3721286299156;3962,1844528124498;3064,0;3998,0
3171,0568979904697;3981,7729030068276;3051,0;3999,0
3181,5027349104844;3972,2966111933306;3038,0;3999,0
3150,3459508140836;3985,3573181090433;3026,0;4000,0
3136,5209650285947;3991,3205021181384;3013,0;4000,0
3084,6058766720057;3990,815800492979;3000,0;4000,0
3016,1110043350604;4006,754040998082;2987,0;4000,0
3084,291062812348;3989,6023962153986;2974,0;4000,0
3048,921528300441;4002,8589226300037;2961,0;4000,0
3059,0941292902585;4000,087651198619;2947,0;4000,0
3052,222024226575;3996,3350726832628;2934,0;4000,0
3063,2879912820117;4003,46888751312;2921,0;4000,0
3180,778653664828;3975,7177002274448;2908,0;4000,0
2945,7066079089072;3840,734659884958;2895,0;4000,0
2937,9241555659114;4029,925285759742;2882,0;4000,0
2969,113473454061;4021,4685655957433;2868,0;4000,0
2910,9110476864244;4032,666421423924;2855,0;4000,0
2878,906091888377;4036,027650560364;2842,0;4000,0
2904,232275740351;4033,9438158523108;2829,0;4000,0
2871,2370202650136;4036,0531147677425;2816,0;4000,0
2702,1887506435137;4049,378259846971;2803,0;4000,0
2890,1133471757985;4035,0607127098365;2789,0;4000,0
2862,1631022972956;4038,396141926578;2776,0;4000,0
2829,2020667841057;4041,365204697927;2763,0;4000,0
2730,3349205015825;4038,853328699799;2750,0;4000,0
2685,0651586980844;4039,130790240439;2737,0;4000,0
2662,315945797386;4040,130570361404;2724,0;4000,0
2604,845362868559;4049,7990180899656;2710,0;4000,0
2490,8358315893033;4031,589227901234;2697,0;4000,0
2540,452396715979;4012,420316910186;2684,0;4000,0
2699,0005072071176;4048,9042452439476;2671,0;4000,0
2660,8717885887645;4051,592937685458;2658,0;4000,0
2621,162877631199;4052,0710491069876;2645,0;4000,0
2795,89286362639;4042,1121468858723;2632,0;4000,0
2645,2037363404934;4052,0107066624228;2618,0;4000,0
2636,112782322693;4050,59073667787;2605,0;4000,0
2447,6645937287653;4054,7008776788407;2592,0;4000,0
2637,9923707428416;4045,079198530672;2579,0;4000,0
2647,2101092740604;4040,0891237386513;2566,0;4000,0
2605,5994170761865;4050,9762961946785;2553,0;4000,0
2596,8953550368174;4050,101777683537;2539,0;4000,0
2546,6096080373936;4054,3948767618654;2526,0;4000,0
2492,290877648127;4054,6512205301397;2513,0;4000,0
2496,3501226031944;4054,686380804061;2500,0;4000,0
2502,9380963725594;4053,5131705827134;2487,0;4000,0
2484,600118768583;4049,0327707772653;2474,0;4000,0
2362,255268744315;4016,706096721791;2460,0;4000,0
2199,683956554931;3989,9740309138147;2447,0;4000,0
2331,6986534381695;4049,6563972092176;2434,0;4000,0
2280,10101840692;4035,644885263795;2421,0;4000,0
2165,146777518807;3992,2558728166114;2408,0;4000,0
2034,4349034715394;3901,6489786166985;2395,0;4000,0
2072,7289389853563;3922,255496747628;2381,0;4000,0
2050,5385619802673;3889,6531926157336;2368,0;4000,0
2150,07854352764;3971,316776359971;2355,0;4000,0
2127,9391697151323;3939,9369851702772;2342,0;4000,0
1997,8087546913773;3877,494361398608;2329,0;4000,0
2037,231525161201;3935,6499525419813;2316,0;4000,0
2024,9335026764397;3916,8050487114997;2303,0;4000,0
2060,843063011644;3961,8305051427133;2289,0;4000,0
2206,090562610639;4016,073273096877;2276,0;4000,0
2056,5490720234575;4008,2526190682624;2263,0;4000,0
2084,3318051095134;4021,2963428511193;2250,0;4000,0
2096,7441421172216;4033,2712468086293;2237,0;4000,0
2062,364482979781;4030,415166049127;2224,0;4000,0
1875,3696901774806;4008,2381051269285;2210,0;4000,0
2061,079968387974;4025,0794923269304;2197,0;4000,0
2006,1045795775754;4011,1617490965177;2184,0;4000,0
2060,0543323008987;4020,354578178136;2171,0;4000,0
2036,0294675761688;4000,4923409630865;2158,0;4000,0
2044,905238677145;4012,810911907386;2145,0;4000,0
2028,3414647495072;4015,56056432275;2131,0;4000,0
2040,964425129697;4016,1559724214744;2118,0;4000,0
1993,9665846639498;3977,872218218314;2105,0;4000,0
2025,7333468185384;4006,5314678606273;2092,0;4000,0
2046,1426838413536;4019,4203709238623;2079,0;4000,0
