1930,6482458656126;3958,9434671668246;1989,0;4000,0
1990,7190533556516;3903,3173364220393;1977,0;4000,0
1951,3376405673973;3997,3644852329876;1966,0;4000,0
1916,616111303586;3996,3288999374977;1954,0;3999,0
1906,038073692024;3984,064718532828;1943,0;3999,0
1871,4464897304686;3979,944686251801;1931,0;3999,0
1874,7282629136123;3971,6012268704676;1920,0;3998,0
1886,5617351134406;3985,7133736359838;1909,0;3998,0
1830,0995762204088;3976,0211529626454;1897,0;3997,0
1823,2940685036028;3986,4619144404437;1886,0;3997,0
1986,2408817417113;4006,4323937246527;1874,0;3996,0
1845,0510752188882;3990,786873955157;1863,0;3995,0
1791,1470362529847;3971,753569424789;1852,0;3994,0
1824,7245436040018;3987,6382769735787;1840,0;3994,0
1798,1416005705823;3976,538426607311;1829,0;3993,0
1830,468071159651;3988,946261350553;1817,0;3992,0
1797,1961112507995;3983,499187893337;1806,0;3991,0
1776,3950139168667;3978,0247068953445;1795,0;3989,0
1747,3776504885475;3973,699930863596;1783,0;3988,0
1748,3184487128585;3975,387291581783;1772,0;3987,0
1720,493198803579;3966,441923467312;1761,0;3986,0
1747,0392428139419;3972,4911861547284;1749,0;3984,0
1736,2150061236064;3972,335933310429;1738,0;3983,0
1724,7549818407217;3969,91616033085;1727,0;3981,0
1742,003848144475;3971,8698931423437;1715,0;3980,0
1728,0805655721215;3971,346465976349;1704,0;3978,0
1699,6166408000468;3966,603973936717;1693,0;3976,0
1678,1343300815083;3960,494689625521;1681,0;3974,0
1662,4351822268068;3963,3762341529296;1670,0;3973,0
1657,805259443059;3961,19482213524;1659,0;3971,0
1618,1834467396823;3947,1071807275052;1648,0;3969,0
1596,4839422429998;3948,1753609881803;1636,0;3967,0
1582,889887056113;3947,7015643757823;1625,0;3965,0
1563,928837494577;3941,3524923589775;1614,0;3962,0
1579,65203985754;3938,904575341662;1603,0;3960,0
1473,2504211363373;3907,139003290593;1592,0;3958,0
1592,486501437068;3944,9125298245567;1580,0;3955,0
1563,5123139453801;3928,8107369789664;1569,0;3953,0
1556,3629256463753;3934,487038902213;1558,0;3951,0
1549,3356228682503;3929,3029958383663;1547,0;3948,0
1555,2177948949857;3935,5234520641634;1536,0;3945,0
1533,6312911970138;3935,983025218065;1525,0;3943,0
1559,3157298602607;3938,7485577549087;1514,0;3940,0
1517,3060890639763;3922,9512823691166;1503,0;3937,0
1509,3352356851858;3922,0767000302567;1492,0;3934,0
1501,7864755973221;3927,3406907132953;1481,0;3931,0
1487,929841571457;3924,2679665315914;1469,0;3928,0
1473,4135595853163;3914,861735937645;1458,0;3925,0
1421,757460946028;3905,843762219461;1448,0;3922,0
1417,1138717900221;3906,5478629920817;1437,0;3919,0
1418,4189800914694;3897,321882393728;1426,0;3916,0
1397,0374983415472;3891,420807917163;1415,0;3912,0
1384,189955448927;3881,8598475981635;1404,0;3909,0
1392,8887132223037;3892,515700204032;1393,0;3906,0
1412,9270106397273;3899,36595027293;1382,0;3902,0
1410,96593869738;3908,4574222087626;1371,0;3899,0
1386,5471809881778;3897,521913609508;1360,0;3895,0
1417,684890229617;3905,7585792771783;1349,0;3891,0
1307,766455807535;3875,471671799305;1339,0;3887,0
1386,5471809881778;3897,521913609508;1328,0;3884,0
1381,8978950953997;3898,377689591393;1317,0;3880,0
1372,261043515879;3899,914798659028;1306,0;3876,0
1322,949505363878;3879,938666334191;1296,0;3872,0
1299,261205013585;3875,0528114066174;1285,0;3868,0
1336,073300472528;3885,603393664565;1274,0;3864,0
1369,3268509364475;3897,212522583333;1264,0;3860,0
1427,8074934586346;3910,4062350605923;1243,0;3851,0
1226,5978122001052;3843,7671471998055;1232,0;3847,0
1211,4372598777736;3838,33975866299;1221,0;3842,0
1211,9017153277255;3836,7447858725495;1211,0;3838,0
1188,1581617399784;3833,817388002392;1190,0;3829,0
1184,0354591508442;3835,1801349635257;1180,0;3824,0
1176,3228791318033;3828,9341779086058;1169,0;3819,0
1155,4866279824064;3826,2729390512063;1159,0;3814,0
1172,5503038687712;3833,171895360139;1148,0;3810,0
1171,1571703164664;3833,4432473775832;1138,0;3805,0
1152,9090700258296;3823,9656447729435;1128,0;3800,0
1159,447459236394;3825,0291775404876;1118,0;3795,0
1186,6456496849385;3835,8620322532024;1107,0;3790,0
1176,2263674262738;3834,71573787016;1097,0;3785,0
1169,9195970915614;3832,330353172328;1087,0;3779,0
1184,0354591508442;3835,1801349635257;1077,0;3774,0
1160,8458978057852;3827,0412688128863;1067,0;3769,0
1150,5085228381145;3825,8756151071234;1057,0;3764,0
1142,1454157364724;3822,540316555596;1047,0;3758,0
1149,8249349683113;3825,2203747496815;1036,0;3753,0
1136,4524623379577;3820,0209065970853;1026,0;3747,0
1249,586560925187;3862,1119208886657;1017,0;3741,0
1013,8486503139088;3752,7688456823616;1007,0;3736,0
1137,8954618613693;3820,655927418647;997,0;3730,0
1108,5560367364103;3806,935035001409;987,0;3724,0
1107,712689169469;3802,2698276622255;977,0;3719,0
1097,6121748840758;3798,3188124684634;967,0;3713,0
1070,22205139604;3791,2432887608375;957,0;3707,0
1021,1852351918994;3767,286424300981;948,0;3701,0
973,4250878669927;3741,023528653218;938,0;3695,0
947,9717566822616;3727,5880357298875;928,0;3689,0
916,7942425009844;3710,881040939217;919,0;3683,0
895,7038253408193;3700,281819580641;909,0;3676,0
884,4316221013862;3693,924860387096;900,0;3670,0
859,8849383285774;3679,6348032830488;890,0;3664,0
807,973362504642;3645,773322648415;881,0;3657,0
779,630651999593;3625,9605456397476;871,0;3651,0
790,3188104359101;3633,8153021399526;862,0;3644,0
773,3999867386951;3620,1293859695743;852,0;3638,0
742,659273517428;3597,7167969667303;843,0;3631,0
751,702224269906;3605,605075296589;834,0;3625,0
761,7983169733117;3612,8744815420628;824,0;3618,0
749,140629078109;3604,072890529612;815,0;3611,0
700,2959497223411;3565,092953399378;806,0;3604,0
704,0922751368927;3568,4976026618588;797,0;3598,0
694,8848583881726;3560,4773735727167;788,0;3591,0
665,4974254311543;3536,6690637322063;779,0;3584,0
676,5727693549997;3545,264469106675;770,0;3577,0
680,708368637999;3548,3480982440033;761,0;3570,0
689,5043939992399;3554,341521582332;752,0;3563,0
633,4585934022623;3507,6701597421193;743,0;3555,0
675,4182605948464;3539,9217798643776;734,0;3548,0
673,2120424935929;3525,3065653450535;725,0;3541,0
640,1241155144754;3513,3397169648774;716,0;3534,0
626,3741182898924;3500,8581463791443;708,0;3526,0
607,5544317111815;3483,618308917583;699,0;3519,0
593,0557390048089;3471,6574965197156;690,0;3511,0
583,7026587851494;3461,6393803677274;682,0;3504,0
556,0242492578709;3436,260201818086;673,0;3496,0
557,297615513439;3437,725998799677;665,0;3489,0
496,80966861530345;3373,0859521125903;656,0;3481,0
491,39315331054087;3366,9398420197617;648,0;3473,0
442,06214976686334;3306,6937363814327;639,0;3466,0
428,27791815176414;3289,6816059835733;631,0;3458,0
407,1414564649016;3262,7346178240136;623,0;3450,0
565,2883005077341;3442,6844395342287;614,0;3442,0
425,90816587889356;3282,2459360517464;606,0;3434,0
375,5563458905045;3203,3577978752355;598,0;3426,0
382,4971669954014;3212,4591400427344;590,0;3418,0
409,37112813698826;3258,546225915614;582,0;3410,0
598,9037063886991;3463,2540701218204;574,0;3402,0
573,2721812678034;3441,1524521448723;566,0;3394,0
559,3625524303974;3427,8938264609724;558,0;3386,0
399,83516733088754;3251,882234711;550,0;3377,0
337,1328051081276;3126,9636667357972;542,0;3369,0
380,5636923854382;3218,0975059596963;534,0;3361,0
349,63970970178883;3147,9856582192347;527,0;3352,0
339,325042640433;3148,954001157143;519,0;3344,0
338,3029129006222;3148,8145378932836;511,0;3335,0
350,1536385899294;3176,7149723205885;504,0;3327,0
370,3346869217504;3202,1860956838004;489,0;3310,0
353,5014399045391;3164,91172592193;481,0;3301,0
485,21099456200744;3359,8459623564795;474,0;3292,0
352,043410719648;3104,7831820056367;466,0;3284,0
371,3935343734207;3196,673406159325;459,0;3275,0
360,73222519029326;3173,036457286704;452,0;3266,0
350,6305775428427;3168,9720865326085;445,0;3257,0
323,04379593241447;3125,3424474905173;437,0;3248,0
305,03161683629503;3092,6175362575345;430,0;3239,0
293,8678538502398;3079,5591061310074;423,0;3230,0
294,8003292770455;3080,4174287094615;416,0;3221,0
285,58525399460035;3061,2967645144413;409,0;3212,0
279,2059385784408;3057,697477998718;402,0;3203,0
256,95159066231395;3011,990965706073;396,0;3194,0
261,9221191575977;3011,2119826832422;389,0;3185,0
258,9962925927197;2997,6977126147153;382,0;3176,0
244,27594457206487;2960,010354444707;375,0;3166,0
227,7043752648161;2935,723219755546;369,0;3157,0
235,24110158928252;2950,232026184546;362,0;3148,0
222,26822073456614;2904,4754007901156;349,0;3129,0
219,20333662705025;2881,667067694943;343,0;3119,0
219,57910658705956;2887,7296768268493;336,0;3110,0
219,2427489417689;2867,2866439333516;330,0;3100,0
227,66375375483727;2892,3163370146867;324,0;3091,0
224,39281361320565;2862,956260903701;317,0;3081,0
230,81246848714633;2868,1353779862006;311,0;3072,0
219,49708668783938;2856,5809021095633;305,0;3062,0
246,29433795283273;2898,8608351773933;299,0;3052,0
230,00011990556868;2878,4823572904684;293,0;3043,0
227,10725918218512;2863,2249253084215;287,0;3033,0
235,79991583563836;2885,8388111646473;281,0;3023,0
217,83700219372508;2849,4745037091293;276,0;3013,0
207,37980264617892;2830,4748869027467;270,0;3003,0
186,35403507586832;2795,1284129379146;264,0;2993,0
201,29541486669905;2823,9074744510312;259,0;2983,0
194,18547761449142;2805,0612188474033;253,0;2974,0
180,48653025370297;2771,2853231099084;247,0;2964,0
185,21892122276046;2804,9388906426457;242,0;2953,0
170,30514342038;2776,54276317257;236,0;2943,0
167,49515135955744;2742,897372429385;231,0;2933,0
167,4041517684778;2751,0461179471413;226,0;2923,0
162,10624458348687;2740,573652349459;221,0;2913,0
163,35650361145989;2724,2553144103426;215,0;2903,0
170,5939996787024;2718,240209934382;210,0;2893,0
176,87381789204784;2701,4651565720646;205,0;2882,0
215,11933894508695;2764,139602984828;200,0;2872,0
180,40090668204635;2686,16056537225;195,0;2862,0
175,73311136996026;2668,268775250664;190,0;2852,0
159,16206728873155;2630,392369041249;186,0;2841,0
144,92656102446117;2609,078005454071;181,0;2831,0
151,78644050788216;2608,385371376159;176,0;2820,0
136,6971393139821;2591,824050604318;171,0;2810,0
146,0644427296528;2563,4166980846667;167,0;2800,0
131,61899228219778;2557,1934343086264;162,0;2789,0
134,81214527436447;2542,3728870291116;158,0;2779,0
130,1710207333563;2545,448067923263;153,0;2768,0
124,18799839200017;2532,2062780604224;149,0;2757,0
140,69591824119138;2601,6578506105748;145,0;2747,0
153,87011169070806;2644,5418589085743;140,0;2736,0
134,73993739215734;2575,8005155801316;136,0;2726,0
117,90225372196838;2497,5336427887746;132,0;2715,0
106,08614912699362;2509,3826728855593;128,0;2704,0
109,82640506293042;2555,2756802126573;124,0;2694,0
112,74837062591175;2541,549861427783;116,0;2672,0
125,23081027066834;2524,8814191225433;113,0;2661,0
120,75686990408246;2527,6028442196016;109,0;2651,0
57,2055014159089;2313,342019505446;105,0;2640,0
121,12528292952486;2453,0474886730804;94,0;2607,0
61,1181055608609;2457,305637433641;91,0;2596,0
66,1455040737165;2489,546656083234;88,0;2585,0
64,36813038477412;2481,975568472299;84,0;2574,0
67,43748253582247;2491,1892594201486;81,0;2563,0
89,20792560064118;2586,800011877987;78,0;2552,0
68,31770040178499;2499,8354062321728;75,0;2542,0
61,17570370972229;2464,968982776567;72,0;2531,0
60,98300398595815;2458,7444407363528;69,0;2519,0
88,18830411757311;2347,6463528416884;66,0;2508,0
99,20312824807452;2356,813141443954;63,0;2497,0
84,94852054274607;2390,969361285689;57,0;2475,0
74,5791184942878;2378,2144725579496;55,0;2464,0
65,65013510353981;2353,320759012372;52,0;2453,0
72,92376281076525;2316,2451827278846;49,0;2442,0
65,39632652944758;2254,8978505618797;47,0;2431,0
52,363775826546885;2212,5158433345932;45,0;2420,0
38,41517939312957;2301,0630101977454;42,0;2408,0
57,74053472587147;2293,0245445933565;40,0;2397,0
58,63758478911117;2263,2276352907443;38,0;2386,0
57,31846713625141;2208,968276001416;35,0;2375,0
53,95688680759862;2180,9019176388333;33,0;2364,0
53,58719004599471;2194,7469994554;31,0;2352,0
42,10368546449884;2202,9400267840574;27,0;2330,0
51,66046323057413;2221,7548547369734;26,0;2319,0
39,87989515571875;2178,073406032553;24,0;2307,0
31,761679318482983;2135,8484527016317;22,0;2296,0
15,518991632543868;2018,5729875256638;20,0;2285,0
25,858380512359865;2152,6852616006327;19,0;2273,0
21,09807712496081;2157,0958039692673;17,0;2262,0
16,090979940136844;2116,0023377306698;16,0;2251,0
17,138810718961903;2108,894693682633;14,0;2239,0
16,804866472030984;2092,548664879625;13,0;2228,0
15,259500651751797;2083,075837329853;12,0;2217,0
13,594322175917963;2043,3293004704813;11,0;2205,0
20,095078115242103;2055,482749472075;9,0;2194,0
14,07644917729661;2014,9474976697065;8,0;2183,0
17,14153926624264;2000,1051592287708;7,0;2171,0
19,30772214065471;1993,1070241094276;6,0;2160,0
20,54566262411513;1898,7743783588164;6,0;2148,0
30,849167468189485;1823,664642712789;5,0;2137,0
44,002467011367855;2178,9001893719073;4,0;2126,0
29,573816940816318;2122,9540752038874;3,0;2114,0
29,130155377505393;1846,0723408202398;3,0;2103,0
29,322051627534773;2089,238303526879;2,0;2091,0
35,885192185038605;1959,9343137763428;2,0;2080,0
29,341896078823446;2033,1532526538526;1,0;2069,0
29,852247024767887;1994,6858914433049;1,0;2057,0
34,54360581028298;1995,067268075786;1,0;2046,0
32,85233940170065;2018,2790933784684;0,0;2034,0
26,109727454712495;1999,5273624399324;0,0;2023,0
22,27636919887297;1959,0745725318557;0,0;2011,0
23,536965831570317;1965,4442859412266;0,0;2000,0
23,00928410119216;1875,3442281290047;0,0;1989,0
23,99937679600692;1889,7608861613865;0,0;1977,0
27,79459603993565;1840,6475209349219;0,0;1966,0
18,752930403098986;1830,7628471136247;1,0;1954,0
19,528285153241843;1869,8735127461687;1,0;1943,0
17,724954666730504;1883,1194678414945;1,0;1931,0
19,03953460129906;1883,1662604816283;2,0;1920,0
18,688142575407035;1851,7557631454972;2,0;1909,0
14,544774578675238;1954,6009460360688;3,0;1897,0
24,786865220793874;1761,2152221084693;3,0;1886,0
21,619170889558816;1780,0265530178458;4,0;1874,0
28,000642360297626;1759,1437274016691;5,0;1863,0
25,09354594492948;1760,8936350472502;6,0;1852,0
31,24147658187465;1725,6251572982778;6,0;1840,0
41,10904471995718;1670,99299363758;7,0;1829,0
73,3449025520472;1476,613307811594;8,0;1817,0
44,801691991249;1691,3328253775016;9,0;1806,0
30,34668083983178;1767,5696361714427;11,0;1795,0
36,34377504221399;1723,099388669153;12,0;1783,0
32,78864922810178;1795,6919854020482;13,0;1772,0
34,025966065313206;1769,4623202402756;14,0;1761,0
43,21407176956719;1738,2647966566078;16,0;1749,0
44,07679915997053;1681,5559007111567;17,0;1738,0
41,326373073407495;1698,759200120046;19,0;1727,0
55,5075742757406;1651,4485010436397;20,0;1715,0
36,67544285841703;1713,5712086175402;22,0;1704,0
37,96376866201294;1692,2845389962322;24,0;1693,0
35,44129738782198;1677,8190413301757;26,0;1681,0
44,362292118692864;1626,3730923381943;27,0;1670,0
49,77394458977333;1609,3646776565013;29,0;1659,0
66,0513992008207;1531,1584609465258;31,0;1648,0
44,909595574926634;1622,3809451680206;33,0;1636,0
46,34156730192192;1595,111216877451;35,0;1625,0
49,70702482082143;1577,837484465537;38,0;1614,0
76,84025169862176;1444,0434499286762;40,0;1603,0
86,17827353835936;1413,6314657957112;42,0;1592,0
99,66329993936495;1355,8964688830226;45,0;1580,0
114,16223914449596;1318,628163478822;47,0;1569,0
106,98748594296286;1338,6668442467403;49,0;1558,0
109,73840401891391;1333,8924444468335;52,0;1547,0
111,97667850716171;1326,2908846585485;55,0;1536,0
100,03794559065159;1346,7917941726719;57,0;1525,0
62,35304179082056;1525,6790853870152;60,0;1514,0
118,15813037922024;1313,642582970284;63,0;1503,0
113,05360440757866;1352,7297773431571;66,0;1492,0
118,30868794508442;1318,235002675917;69,0;1481,0
133,75042096775223;1262,8190927431058;72,0;1469,0
131,13374671143663;1278,482000518988;75,0;1458,0
80,21845268576077;1440,1600094272926;78,0;1448,0
150,74726108433575;1230,2509556682346;81,0;1437,0
148,73581529655414;1223,3839750410286;84,0;1426,0
149,39123695695315;1214,665001931198;88,0;1415,0
143,7849665886887;1233,0971713117876;91,0;1404,0
145,9290608939103;1236,7201103537973;94,0;1393,0
118,4101783487153;1305,583211743495;98,0;1382,0
129,04364494923874;1275,4191444598812;101,0;1371,0
119,7351662550294;1299,469435338705;105,0;1360,0
136,86665828747368;1250,9313656857994;109,0;1349,0
127,75468405492275;1269,6752226171022;113,0;1339,0
131,4599011999505;1261,2233604853834;116,0;1328,0
144,93038317690576;1235,729088635173;120,0;1317,0
149,70496477347174;1220,6260147363134;124,0;1306,0
105,02095973595206;1353,448407026908;128,0;1296,0
173,40934495596377;1159,7218944579815;132,0;1285,0
197,52541491149378;1121,1166681395175;136,0;1274,0
160,78450628265455;1204,689278912508;140,0;1264,0
188,88534558134944;1151,515014690822;149,0;1243,0
183,0871152653975;1158,1775469668953;153,0;1232,0
232,94578816391063;1019,8056925512988;158,0;1221,0
189,202198828741;1124,7739100946942;162,0;1211,0
195,81612636544932;1103,5049208911548;167,0;1200,0
194,6480855771073;1114,3746061792492;171,0;1190,0
183,5962436126892;1123,6514730113618;176,0;1180,0
184,74078768463934;1123,2743692785755;181,0;1169,0
200,67297331754352;1089,4362658266577;186,0;1159,0
200,48480547335004;1101,563038050627;190,0;1148,0
203,73582726742748;1091,72366987471;195,0;1138,0
221,1769349543205;1044,308408570113;200,0;1128,0
213,52540069335126;1078,2060271970613;205,0;1118,0
235,03118385904406;1026,254694187198;210,0;1107,0
233,11505036093587;1038,2092212555083;215,0;1097,0
246,1971209592718;1004,8055741184066;221,0;1087,0
253,01263374890667;971,6150113262788;226,0;1077,0
250,0259443986466;999,3794532610401;231,0;1067,0
241,31622815748935;1008,3555043940551;236,0;1057,0
263,4435353719173;961,7125335754736;242,0;1047,0
351,7843271086332;842,5222173299189;253,0;1026,0
252,1613239085745;1011,218243566164;259,0;1017,0
264,229170470797;987,1736360329843;264,0;1007,0
276,3824017502497;975,8567014856136;270,0;997,0
277,4210504607952;976,0276925610257;276,0;987,0
279,30099553253746;952,4431665372286;281,0;977,0
269,8800529003632;971,2739285306566;287,0;967,0
265,0669240480615;985,5067022160449;293,0;957,0
322,6059031156245;851,6999868382359;299,0;948,0
298,1458028580405;893,2817873350483;305,0;938,0
282,6698795007152;915,7864700934226;311,0;928,0
412,8328708794291;736,7680240367856;317,0;919,0
334,6769348774203;843,8757335992223;324,0;909,0
434,36419967466594;704,6681961405762;330,0;900,0
365,7350554500013;787,2481109454703;336,0;890,0
319,4106592318876;852,0489034763201;343,0;881,0
449,4539476004394;704,6331298703705;356,0;862,0
430,14623201394903;742,5862949399448;362,0;852,0
429,71374203304373;743,8295340456323;369,0;843,0
473,3248054523848;698,437533481184;375,0;834,0
403,6949530351392;752,319321339627;382,0;824,0
510,76696967913557;614,1712704445579;389,0;815,0
462,7237496944341;699,3767539819629;396,0;806,0
428,05473301779716;731,4513401063839;402,0;797,0
454,0928592884626;718,144917663108;409,0;788,0
506,17812988208124;652,7163754241004;416,0;779,0
493,95924263600654;666,7151138440172;423,0;770,0
565,4699882045253;614,7074405505848;430,0;761,0
530,5959599545673;650,6909816173396;437,0;752,0
532,9968785087297;634,1390481386351;445,0;743,0
528,2347216422141;645,0119890549893;452,0;734,0
533,3897771364547;614,5935240010705;459,0;725,0
530,7257830194033;622,0172047996709;466,0;716,0
591,8641306334486;560,9896765061981;474,0;708,0
541,5756944899601;597,8657740369938;481,0;699,0
645,4069122557487;497,7468608894551;489,0;690,0
635,225914930326;493,66356887262316;496,0;682,0
614,2645810351911;513,9925831606655;511,0;665,0
675,8683378754218;463,900472922906;519,0;656,0
662,881336946772;472,1515645184839;527,0;648,0
804,0014681117134;367,47022131000716;534,0;639,0
747,6794016472843;405,7411166068248;542,0;631,0
673,4105660083928;466,095408606319;550,0;623,0
774,0649987125493;428,5622245129259;566,0;606,0
756,2535005342173;438,58612815503653;574,0;598,0
766,4439018542545;437,33193875049676;582,0;590,0
824,5294787404415;354,3966338647391;590,0;582,0
803,3113346772617;369,27489795010115;598,0;574,0
794,4203703661038;378,216698575409;606,0;566,0
827,7440550239388;362,8745728847059;614,0;558,0
826,7966403960469;366,15636045029794;623,0;550,0
825,5861620155231;371,19647875955127;631,0;542,0
822,3648135893122;365,93765683874693;639,0;534,0
851,6283791885974;352,5161304888798;648,0;527,0
841,6590748250189;355,8050639572224;656,0;519,0
830,1100675768631;363,2046563383648;673,0;504,0
850,8741733340494;348,394132503591;682,0;496,0
858,3180956680919;341,8276368083071;690,0;489,0
868,7567770327955;338,27740245927976;699,0;481,0
845,0222897798194;356,21762007933665;708,0;474,0
863,7512724584028;338,8691845070765;716,0;466,0
876,4830710860415;331,34577549638357;725,0;459,0
877,5556137481738;335,2986026612549;734,0;452,0
922,4044787570995;307,99966480484153;743,0;445,0
909,7958462276542;312,53195181002434;752,0;437,0
917,3497285157257;313,5484715858773;761,0;430,0
944,7471545117186;293,2426905408118;770,0;423,0
948,4532868501608;294,34878230196256;779,0;416,0
939,5087238230498;299,5959973336833;788,0;409,0
968,338944243503;278,8415834707834;797,0;402,0
959,5620049647112;280,9989091900442;806,0;396,0
967,9558171247885;280,31326060903206;815,0;389,0
969,646048758408;279,50297193421676;824,0;382,0
976,4197122072164;275,7331732323854;834,0;375,0
994,2678427277069;268,11938110026944;843,0;369,0
989,3538194951648;268,5737360978291;852,0;362,0
1031,9888595465288;245,35420724477518;862,0;356,0
1016,4674010569408;253,12658460120127;871,0;349,0
1084,4816893386017;221,83936910034348;881,0;343,0
1113,419172503653;208,779092683114;890,0;336,0
1066,4227519699282;229,63522899596305;900,0;330,0
1108,8167463716875;212,59481046703667;909,0;324,0
1083,2881851447244;227,04735845300073;919,0;317,0
1121,1974480049385;208,52897355162992;928,0;311,0
1113,112239033697;212,52173039660016;938,0;305,0
1115,7228232789644;210,5727735185351;948,0;299,0
1118,222506645201;210,98875204792765;957,0;293,0
1129,1133315821558;203,85177354968565;967,0;287,0
1130,9354626430138;225,37574836580066;977,0;281,0
1200,686534197925;181,22814737895908;987,0;276,0
1187,1607855282564;183,71424776554608;997,0;270,0
1203,8671056994644;177,6514663802503;1007,0;264,0
1211,3983404736427;175,52757895521103;1017,0;259,0
1233,1708297815692;166,18675092239386;1026,0;253,0
1256,9931726855395;158,62065190720867;1036,0;247,0
1276,948038772368;170,61850691106628;1077,0;226,0
1310,7167912006878;142,1600341197435;1087,0;221,0
1372,89557782736;124,95972238311157;1107,0;210,0
1298,5832536332998;146,99380513264018;1118,0;205,0
1311,0220265557082;142,236465614218;1128,0;200,0
1315,3136733752337;141,43830956820486;1169,0;181,0
1396,9468760966736;118,6013991107355;1180,0;176,0
1257,027017380093;164,0157456856844;1190,0;171,0
1332,6994467347001;136,35138430913355;1200,0;167,0
1458,1188960118575;102,31903940293908;1211,0;162,0
1518,6967150826106;89,9171000574864;1253,0;145,0
1441,761217681197;107,30371397997484;1264,0;140,0
1295,1437900239744;148,5641153868276;1274,0;136,0
1421,705560951157;113,48880204376843;1285,0;132,0
1481,0671704542006;98,30600040807533;1296,0;128,0
1521,1440538665086;88,95448308225194;1306,0;124,0
1563,1346654409328;80,5085223995269;1317,0;120,0
1561,1304124040817;80,125330519752;1328,0;116,0
1593,249466137897;74,44221540159678;1339,0;113,0
1582,9036440967561;78,08819638288952;1360,0;105,0
1574,7500509892411;78,99911159287085;1371,0;101,0
1523,832091933493;89,5808875666333;1382,0;98,0
1527,2889171397153;90,1686461689229;1393,0;94,0
1618,425645253555;70,33307955247852;1404,0;91,0
1769,410794502772;70,15545949900513;1426,0;84,0
1729,8698442152227;50,06925626106508;1437,0;81,0
1711,499214399453;53,04581667614073;1448,0;78,0
1497,10996142447;96,55195564853584;1458,0;75,0
1681,1302653105488;59,551625829645346;1469,0;72,0
1595,1782554776935;76,64854033627928;1481,0;69,0
1587,3235396199814;79,1943644109914;1492,0;66,0
1564,5523371159325;83,59322397797034;1503,0;63,0
1774,8747354882707;43,55077618723277;1536,0;55,0
1717,1681440899729;52,64055730950939;1547,0;52,0
1738,977970651738;48,960220493889096;1558,0;49,0
1783,8094860359356;42,75766971473624;1569,0;47,0
1864,0232003617798;28,130435609742108;1580,0;45,0
1901,409370467331;25,08714488753489;1614,0;38,0
1909,0857176095237;24,087456824937647;1625,0;35,0
1906,706744805562;28,318633298266576;1636,0;33,0
1937,8890630093874;23,062367244092968;1648,0;31,0
1934,601590955543;24,451556246207645;1659,0;29,0
1943,8793268603927;21,52947714829773;1670,0;27,0
1910,6155378420638;24,662917662332063;1681,0;26,0
1952,2764703470593;18,757876452396033;1693,0;24,0
1702,9972908641603;65,3878130314825;1704,0;22,0
1749,8713184690946;55,41856137240845;1715,0;20,0
1773,903188961996;52,56198921519646;1727,0;19,0
1767,0417648679872;52,992529918480386;1738,0;17,0
1790,2240451429122;51,030455347858464;1749,0;16,0
1786,9140119725632;50,4304319094976;1761,0;14,0
1773,0574994748918;46,185044511791176;1772,0;13,0
1858,224998249993;33,46794669966167;1783,0;12,0
1903,1696280137503;29,909595495828057;1795,0;11,0
1931,5026869882543;23,540370440329866;1806,0;9,0
1944,8778418082363;23,594484181481448;1817,0;8,0
1965,2906457668257;22,23189113206047;1829,0;7,0
1948,5853260244055;21,793500488579355;1840,0;6,0
2011,1453587152218;13,914555967484233;1852,0;6,0
2007,8741561555578;16,45267891893195;1863,0;5,0
2041,7219582542978;11,656900537084283;1874,0;4,0
2103,670903124829;6,704810315175138;1886,0;3,0
2137,9432351041196;5,325544942028728;1897,0;3,0
2017,1260352843726;21,963273244780225;1909,0;2,0
2102,210425327058;9,034822847925483;1920,0;2,0
2168,388977750883;9,708635486433934;1931,0;1,0
2136,16513415098;10,77344700218734;1943,0;1,0
2199,371124244252;2,0971208054104693;1954,0;1,0
2287,695316494173;19,403610205550706;1966,0;0,0
2276,185751892482;-8,833914191894479;1977,0;0,0
2289,0634533198963;-11,874630051499082;1989,0;0,0
2029,3749754911353;26,27882031293845;2000,0;0,0
2051,663475183524;24,514530120216705;2013,0;0,0
2066,397415700768;19,169137668593947;2026,0;0,0
2046,7060277000937;12,229885318243731;2039,0;0,0
2133,9823503719035;30,51943276405197;2053,0;0,0
2162,0346145217864;13,025367499773694;2066,0;0,0
2243,3918548789893;-3,4684376879058334;2079,0;0,0
2295,5608548291425;11,290124895303904;2092,0;0,0
2292,4632602502284;-4,424254384851224;2105,0;0,0
2306,988911831935;0,5164333940459187;2118,0;0,0
2293,58494979773;0,046745308562378796;2132,0;0,0
2333,1550204876894;-6,753011303616233;2145,0;0,0
2346,8086022011344;-7,7664939642861555;2158,0;0,0
2376,921829153446;-5,484630114124684;2171,0;0,0
2376,099104393438;-8,010181338118514;2184,0;0,0
2431,0672885696513;-9,377257930888675;2197,0;0,0
2451,078194801058;-22,912119102783038;2211,0;0,0
2454,461812979635;-12,337729450986615;2224,0;0,0
2504,1212293401295;-20,351798553734;2237,0;0,0
2522,310635874814;-19,699558510911913;2250,0;0,0
2383,7717333025944;0,8021650452867561;2263,0;0,0
2517,839258655;-7,155655990437538;2290,0;0,0
2410,7035941852455;-4,488003868180215;2303,0;0,0
2472,7091015725478;-2,5547713082598307;2316,0;0,0
2480,0201914900667;-12,888364713334568;2329,0;0,0
2510,219149051512;-8,644123434530968;2342,0;0,0
2515,4022112378652;-12,09215752314077;2355,0;0,0
2548,50755296726;-14,957803591059871;2368,0;0,0
2629,051059018093;-47,80455194857717;2382,0;0,0
2600,429616250368;-21,541864244268936;2395,0;0,0
2607,072256307398;-26,624158625305768;2408,0;0,0
2600,3506758423187;-22,028708535347164;2421,0;0,0
2627,1804490017266;-28,223361881865287;2434,0;0,0
2671,5557178497;-31,8134502915687;2461,0;0,0
2699,859253421009;-34,69823363704626;2474,0;0,0
2714,029838268245;-37,6983597377785;2487,0;0,0
2734,141629079568;-38,796893654836765;2500,0;0,0
2765,345719510395;-32,36458208375842;2513,0;0,0
2763,7065157170173;-34,159659359897034;2526,0;0,0
2768,638080977481;-32,20827147026006;2540,0;0,0
2773,0198987763897;-41,62445746727042;2553,0;0,0
2786,636308665446;-42,668098152733194;2566,0;0,0
2760,07420455959;-38,628975628488945;2579,0;0,0
2809,409677248338;-39,453887424070444;2592,0;0,0
2842,0271987519145;-44,277484605779875;2605,0;0,0
2843,794696309584;-39,82334271753041;2619,0;0,0
2924,057836220516;-57,06979743303373;2632,0;0,0
2950,29567045755;-58,05915001325235;2658,0;0,0
2927,1610664412624;-48,77161983609949;2671,0;0,0
2947,235714348391;-53,75444463608159;2684,0;0,0
2946,878779540918;-43,11952527290771;2697,0;0,0
2988,285308810794;-50,870953231794545;2711,0;0,0
3014,0118486830343;-50,6861492435097;2724,0;0,0
3032,0751971410577;-52,89963792044938;2737,0;0,0
3050,403227818732;-48,21546478353878;2750,0;0,0
3022,279999944706;-44,562569862028056;2763,0;0,0
3065,746807470909;-49,44942544858941;2776,0;0,0
3068,2655563911176;-60,498398775137105;2790,0;0,0
3078,9295136447995;-63,90799882960272;2803,0;0,0
3107,8448652755355;-64,99896457627324;2816,0;0,0
2962,191708564437;-55,86105225570719;2829,0;0,0
3165,457887443444;-71,67309455070097;2895,0;0,0
3223,6933707092317;-74,8402766634149;2987,0;0,0
3266,8860113701685;-70,8219991214487;3013,0;0,0
3257,2454404111268;-52,895825020576126;3026,0;0,0
3296,9514854715803;-76,2871213378146;3040,0;0,0
3362,5673522464217;-62,37096523063826;3053,0;0,0
3364,1278805912743;-39,672203850498136;3066,0;0,0
3345,949256701571;-21,281557907436422;3079,0;0,0
3376,804750747305;-28,20529873677401;3092,0;0,0
3397,3676373112103;-25,720858509865252;3105,0;0,0
3399,179576418663;-32,754392963406076;3119,0;0,0
3288,9819552633767;-16,046464974230048;3132,0;0,0
3450,6954088265547;-17,928061712604972;3145,0;0,0
3458,777001645887;-5,929013412756149;3158,0;0,0
3479,354355519289;-5,193783278278261;3171,0;0,0
3489,814292573771;-4,337698184505825;3184,0;0,0
3501,2102865088136;-10,885881533699262;3211,0;0,0
3513,2608362255087;-10,912398487773658;3224,0;0,0
3526,490172250865;-5,734712026882221;3237,0;0,0
3511,7229059837146;-2,541371005228484;3250,0;0,0
3556,0817030450385;-30,255214743456918;3263,0;0,0
3442,046902982241;-1,891325804205394;3277,0;0,0
3541,762273725718;-2,7323465973070142;3290,0;0,0
3568,909200354758;-35,99837332423692;3303,0;0,0
3557,433097686982;-3,501603941194162;3316,0;0,0
3579,2034058229;-17,239102338928205;3329,0;0,0
3587,9242582951583;-23,809151956306437;3342,0;0,0
3554,1548485072562;-8,871521068941775;3355,0;0,0
3545,13787037385;-15,74632640135303;3369,0;0,0
3583,9101053590266;-23,953557544781916;3382,0;0,0
3495,671038113978;-9,700462673381708;3395,0;0,0
3700,158567166044;-63,69984365941036;3408,0;0,0
3643,976815178034;-11,203600311477544;3421,0;0,0
3684,0808454111348;-8,813410818135594;3434,0;0,0
3724,469405655266;-26,660152272884375;3448,0;0,0
3696,0699268482563;7,394678240872054;3461,0;0,0
3710,7647880388868;-3,4764306096508335;3474,0;0,0
3738,801424841655;-5,4901236062936505;3487,0;0,0
3761,5392019567453;6,562100564209118;3500,0;0,0
3793,05727932436;-10,082505645932542;3513,0;0,0
3754,488986014936;10,321315220481779;3527,0;0,0
3816,891536715781;-0,001660819584571982;3540,0;0,0
3867,9840396228024;12,285997318311956;3553,0;0,0
3861,7416688326257;2,7691760429345322;3566,0;0,0
3877,1415886056266;7,496139172101721;3579,0;0,0
3874,8454283598544;21,530098437815354;3592,0;0,0
3870,1230064212164;8,647798123535267;3606,0;0,0
3871,852710174423;10,3797137042352;3619,0;0,0
3879,595069982352;8,734560511353038;3645,0;0,0
3896,4889818523757;16,973320171056457;3658,0;0,0
3853,160696343476;-12,79563944994311;3671,0;0,0
3887,405230604853;-11,846750381077413;3684,0;0,0
3987,292377613045;33,8980589412007;3698,0;0,0
3892,175974505568;-4,290769165308234;3711,0;0,0
3879,770417974009;-6,612684904057005;3724,0;0,0
3938,264799405022;-7,229984888359809;3737,0;0,0
3925,4504289227402;-12,186634462699658;3750,0;0,0
3946,8930139352765;-17,128981103857654;3763,0;0,0
3932,669614416388;-27,55151025305429;3777,0;0,0
3920,650471483493;-22,686657398231887;3790,0;0,0
3932,5042158964416;-7,58455475304072;3803,0;0,0
3912,1945622180533;-26,151087223099807;3816,0;0,0
3966,903208511155;-24,17824143176199;3829,0;0,0
3940,8660777418418;-17,990573756942126;3842,0;0,0
3991,504638533558;-2,8077729590602303;3856,0;0,0
4009,5726556983445;-7,0355438297146975;3869,0;0,0
3996,064656104073;-11,596921692433966;3882,0;0,0
4023,2024513079555;-22,039900897534153;3895,0;0,0
4040,804786886754;-26,223744976554713;3908,0;0,0
4076,5186233684904;-27,37037628617213;3921,0;0,0
4075,7207302301113;-22,7180600377136;3935,0;0,0
3959,822044421637;12,003212255083213;3948,0;0,0
4160,7082897262235;-9,713875589157283;3961,0;0,0
4173,005767403087;-7,31714117242575;3974,0;0,0
4196,857039929262;-21,951874093027413;3987,0;0,0
4208,962763264708;-8,013619328395635;4000,0;0,0
4241,724772101468;-3,294231277299332;4013,0;0,0
4245,533453292793;-7,646315674025914;4027,0;0,0
4291,0220626924465;-4,6035055524682775;4040,0;0,0
4341,937188629566;2,7612219880443263;4053,0;0,0
4349,43909625332;-4,57203853992155;4066,0;0,0
4372,230910518705;-1,7179414263322315;4079,0;0,0
4381,660757696349;-7,2353798787147525;4092,0;0,0
4359,4311136003635;-10,564492497514607;4106,0;0,0
4321,206063407156;-23,133534639046843;4119,0;0,0
4315,180155516707;5,507834386479203;4132,0;0,0
4334,409939781504;-8,22001925857046;4145,0;0,0
4375,060787306974;-1,5865350320233347;4158,0;0,0
4348,976575961078;0,7349198740886322;4171,0;0,0
4334,485185119915;20,5106992220409;4185,0;0,0
4388,995801789837;3,268167832005929;4198,0;0,0
4400,356960790996;-2,2499838305494677;4211,0;0,0
4403,655567735382;17,483464038378656;4224,0;0,0
4401,043354967126;8,093228504815215;4237,0;0,0
4375,66743242284;18,510587084852204;4250,0;0,0
4383,356855039292;-0,006154897370947765;4264,0;0,0
4408,103958560859;2,924918611901262;4277,0;0,0
4416,241177457168;2,6730563754457535;4290,0;0,0
4445,5922998488695;-23,149016392805947;4303,0;0,0
4540,752332647353;50,70350266305638;4316,0;0,0
4485,779859885741;-4,4958847836210225;4342,0;0,0
4508,942267825544;1,1924321906853947;4356,0;0,0
4554,504729392012;-5,12093141043249;4369,0;0,0
4552,564210527535;12,671025839964955;4382,0;0,0
4699,771447960057;116,54481983488063;4395,0;0,0
4560,754063732879;-11,251246208886073;4408,0;0,0
4541,264777324114;-37,05215580598417;4421,0;0,0
4573,611754513007;-27,694605995429697;4435,0;0,0
4544,4774304504945;-34,04841734166985;4448,0;0,0
4574,261804365726;-33,1415114929863;4461,0;0,0
4569,317450804669;-27,13361518436068;4474,0;0,0
4599,4653493003525;-39,63529130964548;4500,0;0,0
4587,628712049901;-43,848216474157766;4514,0;0,0
4740,1673867617155;45,02367042095784;4527,0;0,0
4721,14284098095;54,81167625173407;4540,0;0,0
4644,850434512036;-48,20424829856586;4553,0;0,0
4776,575203014203;18,943814149954733;4566,0;0,0
4823,138964440287;-10,062055384241717;4579,0;0,0
4744,491434545438;-49,113485167821864;4593,0;0,0
5037,5688542694115;93,17761167569336;4606,0;0,0
4967,709183435598;66,96037969884242;4619,0;0,0
5042,507285669101;117,71376012510427;4632,0;0,0
5024,976670122783;133,88624481998465;4645,0;0,0
5062,898324943442;85,91455114037626;4658,0;0,0
5039,327094386784;86,63646428540721;4671,0;0,0
5017,2709751099;92,06981467999128;4685,0;0,0
4985,754468760926;134,37194027854912;4698,0;0,0
5039,335516864224;140,37160280280966;4711,0;0,0
5103,706261236517;136,35129277519252;4724,0;0,0
5092,817787232971;111,34781408965262;4737,0;0,0
5133,377673623065;104,02582592558804;4750,0;0,0
5080,446373772197;72,3142291441153;4764,0;0,0
5109,975894738549;65,42941124401693;4777,0;0,0
5051,813499324855;-14,547631481087706;4790,0;0,0
5042,314673189938;-40,1361293715936;4803,0;0,0
5016,904085199256;-61,70392694724694;4816,0;0,0
5244,252425769631;35,842421015545085;4882,0;0,0
5351,787726556727;78,60003428592358;4895,0;0,0
5318,7922831156;48,71116836107666;4908,0;0,0
5287,824654910339;51,81177646836579;4922,0;0,0
5012,875272274062;-46,862131602254806;4974,0;0,0
5224,449152463009;6,645889136722474;5000,0;0,0
5419,791813107292;37,95486267037131;5014,0;0,0
5456,410441064874;55,31894552331312;5027,0;0,0
5427,064806758391;63,93510725920004;5040,0;0,0
5452,720565619004;53,05146491344527;5053,0;0,0
5488,6033599410985;61,993150761543006;5066,0;0,0
5471,694489520436;21,376306509498704;5079,0;0,0
5481,693406166321;28,937767638418734;5093,0;0,0
5442,09803760821;-18,192190740123067;5132,0;0,0
5326,444113286719;-31,53908162642915;5145,0;0,0
5358,653084917614;-20,951812227078165;5158,0;0,0
5480,125265030059;-28,391544922871503;5172,0;0,0
5609,177922489068;35,38808854143565;5198,0;0,0
5653,60861728733;43,934134450296426;5211,0;0,0
5644,844099770069;19,51852569737781;5224,0;0,0
5674,814100953084;76,5201583413525;5237,0;0,0
5634,184582954058;22,365230356860707;5264,0;0,0
5677,556211700708;29,98085556900844;5277,0;0,0
5736,276003420043;29,796392821436314;5290,0;0,0
5789,237764443998;22,2740356057177;5422,0;0,0
5728,032020246192;-16,594611394454773;5435,0;0,0
5798,677427152749;-3,728306043385885;5448,0;0,0
5836,203848681461;11,982931287253052;5461,0;0,0
5824,603771590783;3,7696898933184;5474,0;0,0
5843,2956904344455;3,5077913014512774;5487,0;0,0
5851,406035878676;25,087149633592674;5501,0;0,0
5931,444639623002;57,67555371463877;5514,0;0,0
5999,799237535937;57,94096772264183;5540,0;0,0
5910,677248581444;-26,29786831962724;5593,0;0,0
5997,5478720431665;25,26489947812746;5606,0;0,0
5989,33251575539;9,287659750435381;5619,0;0,0
5860,182100681243;-49,86818805221344;5632,0;0,0
5939,554705349085;-34,05151271218159;5658,0;0,0
5932,186817394599;-17,646500021091498;5672,0;0,0
5913,1080672940625;-10,217162229282224;5685,0;0,0
5954,583164738221;-28,101158263764546;5698,0;0,0
5995,829299209908;10,366033280619888;5711,0;0,0
5991,787928732677;-27,9417834260193;5724,0;0,0
5873,06932348444;-73,48047181085266;5737,0;0,0
5834,059226263826;-87,18307764637618;5751,0;0,0
5855,482951314908;-79,75146819529067;5764,0;0,0
5853,64511870072;-81,81356797199265;5777,0;0,0
5866,256563829375;-75,28185866680514;5790,0;0,0
5869,132843479675;-80,46038934201633;5803,0;0,0
5856,41132432877;-81,96248113905247;5816,0;0,0
5864,31140838951;-89,3291863570197;5830,0;0,0
5884,373763867696;-74,05694833694827;5843,0;0,0
5908,488246973622;-62,97027772780905;5856,0;0,0
5904,030647131469;-65,64913086058326;5869,0;0,0
5937,925286716756;-54,88115422164725;5882,0;0,0
5965,425068506916;-46,55361769209202;5895,0;0,0
6005,742663322501;-25,549976248696737;5909,0;0,0
5960,879097011292;-44,968066285822175;5922,0;0,0
6013,263300864611;-41,71395118432713;5935,0;0,0
5962,340916930536;-52,078166873817594;5948,0;0,0
5953,209902013625;-56,04052171429814;5961,0;0,0
6194,164580635283;108,285628015914;5974,0;0,0
6223,600229066954;131,14127203791986;5987,0;0,0
6201,022811664309;119,76454499704974;6001,0;0,0
6149,223053612709;76,85396735128407;6000,0;0,0
6153,275928514301;80,71028729827728;6009,0;0,0
6120,9282591580895;46,92083751809028;6017,0;0,0
6126,952755286575;65,421041060488;6026,0;1,0
6114,308654792105;54,82419588895084;6035,0;1,0
6066,401026946156;29,914188337248873;6044,0;2,0
5978,222638143066;-37,65525479048961;6052,0;3,0
6106,174888198917;51,36566481568258;6061,0;4,0
6136,494494971697;64,56409618610411;6070,0;5,0
6121,352044576218;45,28284467587022;6078,0;6,0
6116,248160913377;50,529946660928715;6087,0;8,0
6176,865094924033;77,75207576762696;6095,0;9,0
6219,719397887624;103,93565206296543;6104,0;11,0
6188,879547841806;72,15196019345515;6112,0;13,0
6216,508798350353;91,10513499411596;6121,0;15,0
6272,086532106101;115,98756349001432;6129,0;17,0
6249,708226968111;109,73633852886655;6138,0;19,0
6277,528722678182;121,72259767329656;6146,0;22,0
6277,994381870334;123,18406289113099;6155,0;24,0
6316,694181978792;153,02300703992898;6163,0;27,0
6309,4552137139835;145,73968065495342;6171,0;30,0
6309,843741632513;145,14130075330604;6179,0;33,0
6367,33422917002;198,8712620380387;6187,0;36,0
6367,1987393788095;198,9267721699685;6195,0;40,0
6347,87966469744;181,6115754066742;6203,0;43,0
6374,9839294467565;206,9932400145212;6211,0;47,0
6375,139414791773;206,8774010672451;6219,0;51,0
6402,42588008444;237,35588393371842;6227,0;54,0
6431,725766187366;275,25550540602694;6235,0;59,0
6386,616264221007;219,49105922240238;6242,0;63,0
6407,152812474813;253,67329601340188;6250,0;67,0
6431,255525019294;282,8838301042349;6265,0;76,0
6439,203634715213;286,7439491828195;6272,0;81,0
6448,934402889631;299,97930276901764;6280,0;85,0
6441,917977555465;300,0902159961836;6287,0;90,0
6451,293942460516;328,7720724307516;6294,0;95,0
6468,363817118774;352,52944017707614;6308,0;106,0
6466,617800041005;332,95888155715636;6315,0;111,0
6488,701424419742;385,3294576404515;6321,0;117,0
6493,86676802513;395,32808956531096;6328,0;123,0
6500,730129995273;417,40328185846334;6335,0;128,0
6504,179630912519;433,74476932049726;6341,0;134,0
6497,660228349986;405,2483884496743;6347,0;140,0
6504,343202356926;438,6413547529447;6354,0;146,0
6496,048694477698;404,52637992979453;6360,0;153,0
6502,885708282595;432,987647571126;6366,0;159,0
6493,353593272514;397,32643835399927;6372,0;165,0
6490,878416443642;393,99943457801646;6377,0;172,0
6498,37194048503;408,1804740094116;6383,0;179,0
6466,136613869766;329,88617590374605;6389,0;185,0
6483,015633480676;365,00595241655606;6394,0;192,0
6481,732002529626;365,1332188395669;6399,0;199,0
6472,491135697607;341,8523632232275;6405,0;206,0
6429,641836738771;272,59280267027594;6410,0;213,0
6448,974618588056;301,6019950711989;6415,0;220,0
6444,849446391775;295,83021528637704;6419,0;228,0
6456,601640572258;312,0448148235006;6424,0;235,0
6460,147153545362;318,09004593115014;6429,0;242,0
6469,351515615148;335,17248155357197;6433,0;250,0
6477,6941453441195;355,3529597340874;6437,0;258,0
6502,1806578746855;442,6784292762805;6441,0;265,0
6472,199546794225;342,9399318770074;6446,0;273,0
6486,461801110549;372,2203082934341;6449,0;281,0
6484,107628512016;366,8458133481972;6453,0;289,0
6493,442281850045;392,513355907936;6457,0;297,0
6495,472596038996;400,451363962096;6460,0;305,0
6485,917809460938;373,5942549626983;6464,0;313,0
6489,9953473465075;387,1314399670068;6467,0;321,0
6506,083232536326;455,94352737722244;6470,0;329,0
6492,925190550881;409,5972756523862;6473,0;337,0
6503,516051395094;429,82430271980485;6476,0;345,0
6504,428469501809;445,8203963947026;6478,0;354,0
6484,734029601159;473,71583218460677;6481,0;362,0
6495,91605529146;449,28726080956295;6483,0;371,0
6505,600122736511;459,10843819259486;6485,0;379,0
6503,219134476651;496,5285275052912;6487,0;388,0
6500,251480715552;483,9598552972198;6489,0;396,0
6498,738819414765;427,1126690839889;6491,0;405,0
6495,908537378444;503,0858414000566;6492,0;413,0
6501,175299880658;515,8142238839642;6494,0;422,0
6500,300367631833;532,8975134412728;6495,0;430,0
6499,637511172692;549,7850427793685;6496,0;439,0
6499,967257413506;531,718749091634;6497,0;448,0
6486,485774154557;590,7416458912644;6498,0;456,0
6488,352656427882;603,7534517038212;6499,0;465,0
6499,4985179660225;571,3584370941022;6499,0;474,0
6488,32802129939;599,5060696803869;6500,0;483,0
6465,332498810824;611,8809462800967;6500,0;491,0
6491,233453796504;596,2976227846465;6500,0;500,0
6483,6513277157865;616,9814337395497;6500,0;509,0
6469,152590992094;643,4372627371465;6500,0;517,0
6448,559851388022;620,9090415995001;6499,0;526,0
6445,10534132813;619,1340017203631;6499,0;535,0
6447,556625726977;630,9892245278199;6498,0;544,0
6466,715846478506;659,4654577735942;6497,0;552,0
6458,816189910592;659,1539770952946;6495,0;570,0
6454,945101601461;678,1457643933527;6494,0;578,0
6465,279050694482;659,5081808212293;6492,0;587,0
6494,23387085098;584,1614469998536;6491,0;595,0
6442,600747057001;699,6353920419743;6489,0;604,0
6451,3926575352125;685,5753355787506;6487,0;612,0
6428,771326142811;720,0650341248521;6485,0;621,0
6427,38989149444;715,9263450168822;6483,0;629,0
6425,572434102213;726,191161861095;6481,0;638,0
6434,569173611961;709,3461251795127;6478,0;646,0
6408,484994806296;741,8918332323699;6476,0;655,0
6406,192144115055;749,8831261533319;6473,0;663,0
6410,973794555149;734,2170652364867;6470,0;671,0
6401,049905763839;751,2744460920541;6467,0;679,0
6409,9183667311245;741,2055046109567;6464,0;687,0
6412,16876831759;732,8957020314506;6460,0;695,0
6396,25317203794;751,9415319035041;6457,0;703,0
6429,379650574014;700,5051827591278;6453,0;711,0
6393,8888087969535;760,7269495307078;6449,0;719,0
6374,080725493732;783,0571082164653;6446,0;727,0
6376,011861285337;780,0485122064208;6441,0;735,0
6366,226482065292;790,875466703105;6437,0;742,0
6367,216000346109;791,46541290616;6433,0;750,0
6350,504181014179;803,001555631803;6429,0;758,0
6330,171709595982;831,8666268361039;6424,0;765,0
6348,672821435625;809,0609745318694;6419,0;772,0
6349,469870091957;807,6948273243802;6415,0;780,0
6324,431294652235;834,6664723342228;6410,0;787,0
6311,506346774988;839,4413921989393;6405,0;794,0
6276,766562496321;873,5098367238719;6399,0;801,0
6274,200948943234;870,1072444117125;6394,0;808,0
6255,776985846007;882,6436985098958;6389,0;815,0
6259,0833825351;871,6397292182037;6383,0;821,0
6241,409961366843;887,2153851157623;6377,0;828,0
6227,78879023622;905,9258554056748;6372,0;835,0
6222,790735219809;897,0079353859286;6366,0;841,0
6156,400669883311;953,6156351816087;6360,0;847,0
6183,3455594359;940,5698202013837;6354,0;854,0
6175,813039508724;932,1234504454214;6347,0;860,0
6129,302855062231;986,4900803187595;6341,0;866,0
6147,808710400928;949,9578951277658;6335,0;872,0
6153,629363144404;949,8908421251195;6328,0;877,0
6146,002293864512;946,6541949455225;6321,0;883,0
6158,282406845766;934,3959506356363;6315,0;889,0
6156,073602729752;941,6359854551132;6308,0;894,0
6144,643495994122;865,8661607402908;6301,0;899,0
6147,937927823059;930,327216976527;6294,0;905,0
6148,830309374288;930,6270793646497;6287,0;910,0
6155,993457477364;896,1352980833828;6280,0;915,0
6202,36211472567;846,4762395990166;6272,0;919,0
6150,666023636443;892,316058984111;6265,0;924,0
6179,842703450616;877,2161042182723;6258,0;929,0
6161,291529104672;876,9090747082992;6250,0;933,0
6189,458112743773;819,8643629074165;6242,0;937,0
6154,4851206331805;834,6575763049659;6235,0;941,0
6154,810127984744;881,0956239393595;6227,0;946,0
6150,76645153037;878,7571238875287;6219,0;949,0
6112,383711872539;902,6763028055321;6211,0;953,0
6128,469409491661;905,6349033790937;6203,0;957,0
6112,646662505517;918,9428575643713;6195,0;960,0
6125,323548460702;917,714083993648;6187,0;964,0
6120,422621569886;917,2082845568374;6179,0;967,0
6027,7292567430995;928,3192027847635;6171,0;970,0
6123,328720698115;886,2733747203484;6163,0;973,0
6093,515357614981;901,5244424063945;6155,0;976,0
6098,460252259046;919,7398273822008;6146,0;978,0
6084,909789402178;930,1551204803195;6138,0;981,0
6084,2210608715295;917,4280949312472;6129,0;983,0
6080,9564068210475;934,1516550084737;6121,0;985,0
6043,067864765913;954,3440969211825;6112,0;987,0
6051,045890199059;940,6274198770825;6104,0;989,0
6044,270473003988;954,7100684460021;6095,0;991,0
6046,586346148243;938,2268560559893;6087,0;992,0
6029,959601766509;904,4906304186404;6078,0;994,0
6023,180098713128;877,9006900778977;6070,0;995,0
6024,703497990396;878,3676892035533;6061,0;996,0
6008,7757140715885;843,220409172882;6052,0;997,0
5989,30033851019;888,8951464698355;6044,0;998,0
5959,532635642876;884,3832677789144;6035,0;999,0
5969,385604968664;861,8143647559826;6026,0;999,0
5935,192318014263;879,911599546563;6017,0;1000,0
5915,8938406674;859,1284213045698;6009,0;1000,0
5915,875571849707;841,2995116349296;6000,0;1000,0
5865,096402173847;878,0033847452947;5987,0;1000,0
5851,187144719237;802,5308200937768;5974,0;1000,0
5743,576905510281;1064,5077700266859;5921,0;1000,0
5757,3233501434925;946,0601302751645;5908,0;1000,0
5753,326453878328;965,8378229387159;5895,0;1000,0
5724,477176226781;939,4580011543621;5882,0;1000,0
5824,444016888832;897,3352357165454;5868,0;1000,0
5675,732377288108;969,3326046682587;5855,0;1000,0
5686,540818989267;923,874874814184;5842,0;1000,0
5676,5958975893345;935,1508263992179;5829,0;1000,0
5826,6135940143395;837,9791952672914;5816,0;1000,0
5627,492421452309;928,2406271929171;5803,0;1000,0
5618,248013624982;999,7157411032933;5789,0;1000,0
5554,765299519333;1075,668630924422;5776,0;1000,0
5571,511991594708;1037,6981443322336;5763,0;1000,0
5585,042451013871;998,3125879461719;5750,0;1000,0
5598,606894049382;977,9731417906919;5737,0;1000,0
5567,969645699401;960,330108039501;5724,0;1000,0
5563,524845795196;997,981648107802;5710,0;1000,0
5572,731214339849;955,2593282479784;5697,0;1000,0
5550,069690300337;931,46742392401;5684,0;1000,0
5564,310127902634;937,5980145067285;5671,0;1000,0
5533,53089928591;1026,0655692524356;5658,0;1000,0
5520,755439307;998,6315282112903;5645,0;1000,0
5510,703989143583;1098,5013862749793;5632,0;1000,0
5513,217023480396;1022,7327422986458;5618,0;1000,0
5482,844216597985;1020,9929781133442;5605,0;1000,0
5498,814200915183;1041,880410115371;5592,0;1000,0
5491,877270043507;997,5548546260466;5579,0;1000,0
5451,470034793351;1002,5623382842796;5566,0;1000,0
5458,690732992947;1002,9438683144352;5553,0;1000,0
5444,170314162947;1069,6738822819962;5539,0;1000,0
5425,701084226666;1004,3486519621426;5526,0;1000,0
5442,362787809707;991,2315845315809;5513,0;1000,0
5394,772150793667;1029,2292797128612;5500,0;1000,0
5403,430128411035;1025,0438542326497;5487,0;1000,0
5369,4681992145415;1009,4391205061625;5474,0;1000,0
5314,297660681566;1043,2566584581148;5460,0;1000,0
5315,3841591555165;1025,6636088216837;5447,0;1000,0
5311,222485123908;1039,6872175648546;5434,0;1000,0
5140,371624683607;1041,4632547280432;5421,0;1000,0
5256,526404692367;1052,3350374114593;5408,0;1000,0
5224,741863379111;1036,0953881816451;5395,0;1000,0
5247,998440477349;1042,3083343332792;5381,0;1000,0
5213,36319161323;1051,1081615085318;5368,0;1000,0
5211,260352320455;1043,6723764262388;5355,0;1000,0
5200,927385864352;1058,6160359096639;5342,0;1000,0
5164,237432193347;1037,0522090111842;5329,0;1000,0
5153,412932554965;1021,8262804113284;5316,0;1000,0
5143,501318471508;1118,2403359055627;5303,0;1000,0
5122,419517578269;1034,52411074197;5289,0;1000,0
5115,720156206275;1040,9826170134018;5276,0;1000,0
5121,202027960214;1003,1189798343702;5263,0;1000,0
5066,756707881598;1029,9814900911877;5250,0;1000,0
5025,965701165861;1038,600657670197;5237,0;1000,0
5010,861119815519;1047,2945452441993;5224,0;1000,0
5001,299748962137;1029,6263129817348;5210,0;1000,0
4984,933678354815;1024,7957400076104;5197,0;1000,0
4976,67423679602;1014,6700008395067;5184,0;1000,0
4985,342990752404;1000,8203581051735;5171,0;1000,0
4979,099869766322;989,7882572249107;5158,0;1000,0
4951,569093213783;1001,3321333818171;5145,0;1000,0
4944,7976215905765;954,2385269899224;5131,0;1000,0
4908,1915115037245;987,1390897532915;5118,0;1000,0
4862,088541347531;984,6806721613534;5105,0;1000,0
4868,719859403061;973,7028573938013;5092,0;1000,0
4858,688008024288;994,0176543897164;5079,0;1000,0
4848,094830534288;990,9773720676266;5066,0;1000,0
4821,334068061161;989,0116503616738;5052,0;1000,0
4853,579916322348;980,8920625922992;5000,0;1000,0
4832,936557327881;1018,2979921501055;4990,0;1000,0
4833,846339973746;971,0010230658876;4980,0;1000,0
4794,500772333118;973,2513107165905;4971,0;1000,0
4779,657611339099;972,3941881288763;4961,0;1001,0
4774,1535470899125;976,5567545122398;4951,0;1001,0
4767,186794703124;976,6382400217633;4941,0;1002,0
4771,717730601605;1002,3878325112253;4932,0;1002,0
4766,247593018039;959,9905477494171;4922,0;1003,0
4725,919798111805;947,754067086483;4912,0;1004,0
4742,908800377282;972,4660154850602;4903,0;1005,0
4717,083068529155;965,0023399176075;4893,0;1006,0
4706,0698344937655;975,0725868228185;4883,0;1007,0
4692,510445804824;981,8069503090655;4874,0;1008,0
4684,630674767905;945,6689465883146;4864,0;1009,0
4718,338726048724;1018,3560520340811;4854,0;1011,0
4697,579600860845;1034,565753479794;4845,0;1012,0
4673,248462033439;1049,096322173306;4835,0;1014,0
4700,503101231639;1092,9778522187971;4825,0;1015,0
4652,689635103391;1028,6938584601166;4816,0;1017,0
4646,446632257783;982,4506712818397;4806,0;1019,0
4647,373100779612;1008,6436605095337;4797,0;1021,0
4628,683909872327;1019,0744704013541;4787,0;1023,0
4662,000412561111;1046,4124648352608;4777,0;1025,0
4659,583959573697;1102,9030201562812;4768,0;1027,0
4644,373407111323;1025,45429357202;4758,0;1030,0
4660,125177777704;900,9166728262433;4749,0;1032,0
4618,227502583339;931,2732850025002;4740,0;1034,0
4653,691173008451;996,1578997610527;4730,0;1037,0
4611,959706017229;986,4562235913533;4721,0;1040,0
4596,440375403244;1022,2927722575153;4711,0;1043,0
4581,199446028709;1011,9754145353088;4702,0;1045,0
4722,470768862849;952,1429121432058;4693,0;1048,0
4623,450564457018;1082,0664094143967;4684,0;1051,0
4680,278821248887;1047,2974442988163;4674,0;1055,0
4637,3480333987645;1085,2659800157398;4665,0;1058,0
4590,343390430951;1127,2782975912382;4656,0;1061,0
4627,210971511159;1095,8965671586457;4647,0;1064,0
4730,951016020727;1004,707198413432;4638,0;1068,0
4548,650617375836;1135,82816177301;4629,0;1072,0
4442,258710158059;1227,7466003224565;4620,0;1075,0
4404,619002892222;1328,855943140191;4611,0;1079,0
4373,648010901381;1299,0129257140636;4602,0;1083,0
4506,671793884112;1218,276156646635;4593,0;1087,0
4395,802973973515;1281,3077055109482;4584,0;1091,0
4390,835130144203;1258,8779898587777;4575,0;1095,0
4375,612312676575;1229,6168137770933;4566,0;1099,0
4408,044302334707;1196,3008971854688;4557,0;1103,0
4473,146615534844;1076,514332404597;4549,0;1108,0
4474,385464459797;1026,4566788976754;4540,0;1112,0
4470,998232596238;1143,530065745534;4531,0;1117,0
4492,406785396472;1191,005784433935;4523,0;1121,0
4449,745624040733;1200,1309020800495;4514,0;1126,0
4438,809713214896;1257,6834601849575;4506,0;1131,0
4409,614550451044;1278,723980644344;4497,0;1136,0
4413,688326989359;1243,7328332011964;4489,0;1141,0
4414,616275186559;1209,5061523657102;4480,0;1146,0
4415,47722009801;1250,3877328462115;4472,0;1151,0
4374,722696963198;1174,6680993644704;4464,0;1156,0
4347,326574863596;1094,4419921927656;4456,0;1161,0
4400,729119967452;1113,393853887341;4447,0;1167,0
4411,76805479937;1173,213532827991;4439,0;1172,0
4428,25543046353;1203,1500010477544;4431,0;1177,0
4482,864139563865;1218,3680896038875;4423,0;1183,0
4493,720651806472;1161,8215326142797;4415,0;1189,0
4371,491589456875;991,8084456112076;4407,0;1194,0
4482,9725227249;1172,6768828420154;4400,0;1200,0
4509,345093444821;1246,7368471880295;4392,0;1206,0
4504,205538777192;1261,0254383775691;4384,0;1212,0
4538,997358909381;1253,7801078800453;4377,0;1218,0
4559,663032151667;1219,5466909139877;4369,0;1224,0
4601,32785263433;1170,8550777230435;4361,0;1230,0
4628,479172291654;1176,1565312968542;4354,0;1237,0
4580,506543060891;1183,9136104022143;4346,0;1243,0
4539,144173528625;1193,1990967695176;4339,0;1250,0
4569,22735685413;1167,2672353884511;4332,0;1256,0
4526,686322211702;1152,2688151523232;4325,0;1263,0
4507,4227589989005;1163,489939487045;4317,0;1269,0
4506,9330520363;1086,852830513973;4310,0;1276,0
4616,911045719645;1209,036146336461;4303,0;1283,0
4264,6309868901035;1122,5783523929927;4283,0;1303,0
4110,194578524822;1294,7913748475005;4276,0;1310,0
4110,103525530563;1335,7506332962248;4269,0;1317,0
4071,1725560818318;1421,2167613939089;4263,0;1325,0
4358,309862303331;1146,226246344493;4256,0;1332,0
4085,279657774312;1421,6024140328182;4250,0;1339,0
4121,580632114788;1526,3048816281055;4243,0;1346,0
4125,436740991493;1572,811605306213;4237,0;1354,0
4123,6768233591365;1548,432127212342;4230,0;1361,0
4130,6047863043605;1528,828971609297;4224,0;1369,0
4106,342355342565;1608,3319237557027;4218,0;1377,0
4061,4287089012373;1511,4521120958018;4212,0;1384,0
4107,653751733821;1549,6974792490585;4206,0;1392,0
4089,47941070534;1594,794628145169;4200,0;1400,0
4100,971693358121;1549,3185461343583;4194,0;1407,0
4096,749554678176;1649,4002452325205;4189,0;1415,0
4105,553609550681;1496,2163241875899;4183,0;1423,0
4092,310300849853;1511,4629491646892;4177,0;1431,0
4080,505144556596;1509,1835021095847;4172,0;1439,0
4095,8623285322974;1550,0634249877658;4167,0;1447,0
4085,854954963944;1528,0078247296033;4161,0;1456,0
4079,2084257202155;1514,8816800107013;4156,0;1464,0
4077,7147993927756;1566,0701813805852;4151,0;1472,0
4089,0726141586492;1570,5944805425968;4146,0;1480,0
4045,7938020414144;1611,6420683164147;4141,0;1489,0
4088,060676914177;1592,0650525302362;4136,0;1497,0
4056,9323069469738;1585,0539330157503;4131,0;1506,0
4087,969439234932;1573,7387273139489;4126,0;1514,0
4063,7962813323084;1571,9878602436424;4121,0;1523,0
4016,4015737492377;1584,7518264225503;4117,0;1531,0
4031,391612568587;1589,0460000256035;4112,0;1540,0
4002,4741238946813;1589,9740942348194;4108,0;1549,0
3972,3555729002805;1665,7419226740822;4103,0;1557,0
4039,93591031641;1599,7675151185006;4099,0;1566,0
4005,689552394585;1721,5373965648603;4095,0;1575,0
4058,663601643678;1719,0766939903156;4091,0;1584,0
4065,732741266451;1710,2020271970382;4087,0;1593,0
4036,4309120453295;1751,5245618936347;4083,0;1602,0
4060,824432234252;1767,8588598900365;4079,0;1611,0
4027,7940177808437;1806,9072108455914;4075,0;1620,0
3998,5393886080624;1761,381644030271;4072,0;1629,0
4038,692242264777;1854,550840346389;4068,0;1638,0
3889,8217491200385;1946,7642488017252;4064,0;1647,0
3920,3405130406004;1882,9445318842684;4061,0;1656,0
3941,8834630052884;1852,7076364949041;4058,0;1665,0
4042,7737253576065;1675,9860266536175;4055,0;1674,0
4028,8827385671425;1824,0497862853601;4043,0;1711,0
4065,331277522585;1760,269579224618;4037,0;1730,0
4031,787624285972;1888,0177607574576;4034,0;1740,0
4041,52851982416;1846,675083854852;4032,0;1749,0
4136,7273614575015;1683,213320228404;4030,0;1758,0
4181,606619032373;1625,850937574479;4027,0;1768,0
4261,5941796264715;1512,2459005363173;4023,0;1787,0
4224,427743240555;1505,489359487337;4021,0;1797,0
4202,889057139998;1574,5666503219406;4019,0;1806,0
4221,511948937129;1637,2192321033504;4017,0;1816,0
4221,508023948283;1596,076789596847;4015,0;1825,0
4189,14079953481;1477,906921074982;4014,0;1835,0
4025,147750247851;1962,7666354697003;4012,0;1845,0
3992,4576156328635;2078,9025036179632;4011,0;1854,0
3987,8836117750084;2126,1502360418694;4009,0;1864,0
3974,8766265664854;2157,6525814869797;4008,0;1874,0
4090,9686635479156;2000,3592806231823;4007,0;1883,0
4022,558494934715;2056,351053036532;4005,0;1903,0
4020,814978598996;2074,30516566247;4004,0;1912,0
4035,9989758356014;2052,64074292042;4003,0;1922,0
4041,2210625778503;2070,348506236085;4002,0;1932,0
4082,2315073058608;1985,747989355398;4002,0;1941,0
4082,4772529624042;1964,2802906607233;4001,0;1951,0
4051,528290271463;1815,241109653229;4001,0;1961,0
4086,614324904412;1956,459547545854;4000,0;1971,0
4044,4169279548473;2044,6742886572144;4000,0;1980,0
4137,543726147216;1965,0247168082424;4000,0;1990,0
3988,3243633442016;2210,3950045566426;4000,0;2000,0
4017,6372377060384;2203,5029140231577;4000,0;2013,0
4023,9752739932346;2185,638864509967;4000,0;2039,0
4028,629391672526;2230,712170609655;4000,0;2053,0
4034,937938889524;2230,4163580848494;4000,0;2066,0
4059,039203710383;2183,850600296398;4000,0;2079,0
4049,9021116893164;2262,6875991941797;4000,0;2092,0
4170,306064945857;2041,9128431345337;4000,0;2105,0
4072,3425825338154;2189,1834433330587;4000,0;2118,0
4074,375682303222;2207,478442238571;4000,0;2132,0
4072,155352073199;2202,9177135492196;4000,0;2145,0
4079,9635361236674;2177,0490850433907;4000,0;2158,0
4057,823401383741;2247,9241552226163;4000,0;2171,0
4047,527577946848;2322,19628410599;4000,0;2184,0
4043,8968890994333;2307,203746596158;4000,0;2197,0
4021,3673585913693;2350,9434197091637;4000,0;2224,0
4044,601072415865;2295,738382749152;4000,0;2237,0
4015,1162937212944;2377,4045119748653;4000,0;2250,0
4094,570988849943;2191,5507285978524;4000,0;2263,0
4057,3695080053913;2274,5368991395007;4000,0;2276,0
4052,979411676375;2263,8435011075308;4000,0;2290,0
4064,6695934003205;2289,7845409502766;4000,0;2303,0
4060,500199853887;2305,646995040013;4000,0;2316,0
4061,206180749061;2315,316055953517;4000,0;2329,0
4052,438012957873;2329,9736778182405;4000,0;2342,0
4050,2009242804293;2349,262487202539;4000,0;2355,0
4037,9772707002026;2376,8750509080387;4000,0;2368,0
4032,33302669903;2424,2933359453077;4000,0;2382,0
4034,6591895647084;2484,0242594728525;4000,0;2395,0
4031,5958742514244;2504,552891982433;4000,0;2408,0
4033,344579940206;2503,90246538866;4000,0;2421,0
4028,2219496999737;2546,2995016968252;4000,0;2434,0
4044,1898309487756;2502,3676325962956;4000,0;2447,0
4048,032353385364;2516,710634249575;4000,0;2461,0
4047,261444824987;2483,8079767173535;4000,0;2474,0
4040,091342387852;2486,8440004742997;4000,0;2487,0
4051,1655377003253;2484,9509483904326;4000,0;2500,0
4035,4170350202207;2532,1940323606514;4000,0;2513,0
4039,919367806127;2545,437544345869;4000,0;2526,0
4018,282643918701;2620,597600266157;4000,0;2540,0
4019,2697251334894;2627,9747718128797;4000,0;2553,0
4033,690502884639;2552,5383857354573;4000,0;2566,0
4021,4324092681727;2610,528684009909;4000,0;2579,0
4013,7905665587064;2679,869700973179;4000,0;2592,0
4013,5565927141665;2701,292638792023;4000,0;2605,0
4008,5355095745304;2731,4438694270566;4000,0;2619,0
4016,053783877176;2641,639459466663;4000,0;2632,0
4005,6118410632457;2741,2139190751627;4000,0;2645,0
4016,418246837768;2725,813006193396;4000,0;2658,0
4022,4511256350784;2679,0339771003946;4000,0;2671,0
4012,940682216609;2763,706298034374;4000,0;2684,0
4021,8872562068195;2620,9199491891964;4000,0;2697,0
4012,592061575652;2649,6897917986453;4000,0;2711,0
4012,886042017821;2684,347756867909;4000,0;2724,0
4010,4711600898895;2686,3645196183334;4000,0;2737,0
4023,8694671885733;2631,167366969135;4000,0;2750,0
4013,684175207996;2709,5418463330257;4000,0;2763,0
4011,012986845451;2695,9700264384596;4000,0;2776,0
4013,285432075896;2744,2722539399424;4000,0;2790,0
3999,216978100904;2828,3714070455044;4000,0;2803,0
3991,65997504454;2932,3616108054703;4000,0;2816,0
3970,2667234282144;2673,4617926597466;4000,0;2829,0
3984,2403755352816;2921,350654139194;4000,0;2842,0
3972,3405813646364;2997,0103323931025;4000,0;2855,0
3961,205905490075;2997,2202533254735;4000,0;2869,0
4026,091438012457;2612,952319755731;4000,0;2882,0
3983,728860883937;2978,083536839244;4000,0;2895,0
3987,877280453178;2951,7802942329863;4000,0;2908,0
3964,4207797138765;2697,285545013557;4000,0;2921,0
3991,514849759069;3027,2955729321384;4000,0;2934,0
3978,533947997613;3075,3129410959586;4000,0;2948,0
3980,2623765783237;3098,9276562287023;4000,0;2961,0
3970,379286508513;3123,7654641952295;4000,0;2974,0
3973,104420104187;3090,77610239477;4000,0;3000,0
3964,290887635072;3116,6620819857117;4000,0;3000,0
3967,397034599937;3112,7366023714135;4000,0;3013,0
3964,691304019799;3100,9305876411286;4000,0;3026,0
3948,725470452977;3171,7890486342303;3999,0;3038,0
3948,7822461363457;3200,442871112141;3999,0;3051,0
3932,5104217850167;3237,120463485508;3998,0;3064,0
3908,4529801528834;3291,5397623621884;3996,0;3089,0
3920,2637417448304;3286,482692404014;3995,0;3102,0
3917,918851015101;3296,8128304483002;3992,0;3127,0
3898,905622642941;3376,1683298994085;3990,0;3140,0
3907,130067667603;3351,2227189930727;3988,0;3153,0
3898,404693863346;3382,592380519289;3986,0;3165,0
3757,242858936851;3631,516724139677;3918,0;3397,0
3787,926952460034;3563,50674330541;3913,0;3409,0
3771,802611257841;3590,3892029396957;3907,0;3421,0
3770,20714204521;3618,1377219554997;3902,0;3432,0
3805,0893998919346;3566,7608639392924;3896,0;3444,0
3788,571932889185;3602,0920896962293;3890,0;3455,0
3777,694835601557;3617,5301705525358;3885,0;3466,0
3743,3513664483366;3663,0717240502718;3879,0;3478,0
3684,958126559048;3721,384649997932;3866,0;3500,0
3708,76562672428;3697,1892939454165;3853,0;3522,0
3742,3073700535697;3643,782896312262;3846,0;3533,0
3752,961166962927;3627,176511659188;3839,0;3544,0
3743,2893266268234;3657,7493528365144;3832,0;3554,0
3748,5673161602654;3652,276367008849;3825,0;3565,0
3822,1628961959927;3551,380786023965;3811,0;3586,0
3844,672048538515;3508,8293631380484;3803,0;3596,0
3829,56069464772;3538,947370402598;3795,0;3606,0
3783,8962128394537;3601,3204142005093;3787,0;3616,0
3750,7733123205658;3652,8641815448013;3780,0;3626,0
3677,5113389852017;3732,38403179262;3771,0;3636,0
3648,97751474318;3754,83007441683;3763,0;3646,0
3590,3490945375706;3788,684676931852;3755,0;3656,0
3567,1411505684914;3806,84358764789;3738,0;3675,0
3630,2712960323347;3750,8207905197014;3729,0;3684,0
3648,2402144901707;3741,8668459859205;3721,0;3693,0
3617,8133552491718;3770,0259848986207;3712,0;3703,0
3541,0385844989974;3822,183968200781;3684,0;3729,0
3557,225243540118;3807,81234391906;3675,0;3738,0
3466,6669001151736;3846,87002625505;3656,0;3755,0
3501,053506067739;3842,7599240917425;3646,0;3763,0
3460,4276808249833;3848,8681803022896;3636,0;3771,0
3490,6323425226483;3847,8343565909627;3626,0;3780,0
3502,7662375015434;3852,3499208619173;3616,0;3787,0
3491,348125863047;3843,5863308264547;3606,0;3795,0
3524,6210760739427;3845,47802917083;3596,0;3803,0
3546,763179109173;3825,5792488638617;3586,0;3811,0
3540,109705194473;3821,6472707413773;3575,0;3818,0
3499,3154778379035;3846,1017951143945;3565,0;3825,0
3536,3949070212943;3833,1529958485066;3554,0;3832,0
3489,333357640375;3860,0285525327126;3544,0;3839,0
3431,2951170916613;3878,221247240406;3522,0;3853,0
3435,7930633499045;3888,506235482729;3511,0;3860,0
3395,7983992676786;3904,4823085738585;3500,0;3866,0
3434,7074128727736;3891,159665135722;3489,0;3872,0
3440,483809624644;3888,966066206889;3478,0;3879,0
3431,7130676170113;3893,4874439147725;3466,0;3885,0
3418,5306389853863;3900,539960332569;3455,0;3890,0
3411,8215301159503;3897,671506295606;3444,0;3896,0
3380,116130427868;3889,1982853863783;3432,0;3902,0
3380,482157345125;3914,9876750425406;3409,0;3913,0
3382,282911844337;3913,5093156089565;3386,0;3923,0
3227,8644600977414;3964,8872511659915;3362,0;3932,0
3233,8631392955754;3920,136556414937;3350,0;3937,0
3231,0275639569227;3947,562003948289;3338,0;3941,0
3176,5957165092127;3934,126719536856;3326,0;3945,0
3290,456438354996;3933,7773820622688;3314,0;3949,0
3216,7623222135926;3951,208845158113;3302,0;3953,0
3166,985434058267;3979,184533380768;3290,0;3957,0
3188,261218230936;3942,0056419122743;3265,0;3964,0
3173,9368051357114;3962,240489577158;3253,0;3968,0
3190,7222676089436;3970,438654712883;3240,0;3971,0
3135,022906418243;3978,957076355803;3228,0;3974,0
3172,47370690227;3978,001380615454;3215,0;3977,0
3338,52657994868;3928,7542308648667;3203,0;3979,0
3174,2838505739237;3972,795878361281;3190,0;3982,0
3193,238500569858;3968,8943184168384;3178,0;3984,0
3269,3821249509374;3948,3286481051673;3165,0;3986,0
3172,2536347863556;3956,175770398432;3140,0;3990,0
3190,365784495994;3783,4689905900655;3127,0;3992,0
3190,355118395787;3967,4226726996503;3115,0;3993,0
3146,194796321917;3976,7880676575246;3102,0;3995,0
3352,0279244492785;3922,4672234408417;3089,0;3996,0
3175,5241059308164;3968,2802367679756;3077,0;3997,0
3185,0297365197252;3968,3470801512317;3064,0;3998,0
3126,4543754840133;3984,0997444914774;3051,0;3999,0
3140,8956988160367;3975,0570308946685;3038,0;3999,0
3106,250053347918;3986,2654732282545;3026,0;4000,0
3090,2527107910923;3991,4097724939115;3013,0;4000,0
3043,3379420763545;3985,7429831729155;3000,0;4000,0
2972,453547695603;3997,5704653587754;2987,0;4000,0
3043,4670394473037;3984,233794579936;2974,0;4000,0
3004,939590870774;3996,3722955772496;2961,0;4000,0
3015,6684087498916;3994,0991271916646;2947,0;4000,0
3010,6275340447387;3988,6761548192017;2934,0;4000,0
3017,844869738673;3998,606294062573;2921,0;4000,0
3138,575190631767;3978,642571584671;2908,0;4000,0
2915,2136597546632;3767,3691667049775;2895,0;4000,0
2884,4652555564335;4020,1433736215477;2882,0;4000,0
2921,122396330042;4011,563031889244;2868,0;4000,0
2853,740573260875;4022,1910518026734;2855,0;4000,0
2827,345131819165;4023,2628360114254;2842,0;4000,0
2850,796165808828;4022,8288113244644;2829,0;4000,0
2813,205931384107;4024,4723724387545;2816,0;4000,0
2652,631244906384;4029,4116986933614;2803,0;4000,0
2838,0711577901293;4022,9556427470748;2789,0;4000,0
2807,904437354283;4026,013408095264;2776,0;4000,0
2775,1684024138785;4027,8986773938072;2763,0;4000,0
2669,766998197897;4025,1866181148507;2750,0;4000,0
2625,192639347196;4025,315454264551;2737,0;4000,0
2603,3546498724468;4026,228782429125;2724,0;4000,0
2551,9635320745847;4033,2511543507094;2710,0;4000,0
2436,262272779696;4019,5459629867046;2697,0;4000,0
2478,7912820637666;4000,4490542513536;2684,0;4000,0
2645,330559754069;4032,7387746654977;2671,0;4000,0
2610,862503898745;4031,709198574901;2658,0;4000,0
2569,983255513354;4033,630589167053;2645,0;4000,0
2746,688947336053;4024,3984471083977;2632,0;4000,0
2596,2873802425156;4030,557620067858;2618,0;4000,0
2589,37250412163;4025,2903703735137;2605,0;4000,0
2403,979015153832;4026,6821489626664;2592,0;4000,0
2593,6106491800665;4014,1394495457034;2579,0;4000,0
2603,927986162018;4006,0109065646093;2566,0;4000,0
2559,7840171989574;4023,5307687198288;2553,0;4000,0
2551,799469346861;4020,8212006872745;2539,0;4000,0
2499,087079968809;4031,657342596377;2526,0;4000,0
2447,559832672226;4027,128436680993;2513,0;4000,0
2450,2049292538045;4030,872727121827;2500,0;4000,0
2455,287326390585;4032,701855463621;2487,0;4000,0
2435,353298919613;4031,91705179783;2474,0;4000,0
2312,9861071166065;4008,308651511902;2460,0;4000,0
2160,1156513820874;3988,363878232614;2447,0;4000,0
2290,1893078722856;4027,576010819773;2434,0;4000,0
2238,915871202391;4022,014451166159;2421,0;4000,0
2128,525007400395;3990,822292631282;2408,0;4000,0
2113,687982442423;3973,4002282692322;2355,0;4000,0
2092,291280859791;3945,7684809598823;2342,0;4000,0
2010,2419625514242;3945,2014328961686;2316,0;4000,0
1998,9816935151428;3928,636374404021;2303,0;4000,0
2032,024885113109;3967,308148865521;2289,0;4000,0
2167,869143183924;4008,8445510842607;2276,0;4000,0
2028,5885832646197;4001,859644580321;2263,0;4000,0
2054,6261391034404;4009,5493688235138;2250,0;4000,0
2066,399295890627;4013,5785621542814;2237,0;4000,0
2033,9103463507424;4010,8193473509423;2224,0;4000,0
1857,9991379869043;3992,1303754424694;2210,0;4000,0
2032,7883493519712;4009,827268332668;2197,0;4000,0
1981,4213007573383;4001,7509118273633;2184,0;4000,0
2031,861241376634;4008,133497218703;2171,0;4000,0
2009,5033791003232;3996,667681696261;2158,0;4000,0
2017,7163921622805;4004,044001698789;2145,0;4000,0
2002,1680197650157;4004,700519976203;2131,0;4000,0
2013,9953694206727;4005,5079933911634;2118,0;4000,0
1970,7572369032016;3980,5796952303913;2105,0;4000,0
1999,872660512292;4000,058480088912;2092,0;4000,0
2018,811088746234;4007,118393722321;2079,0;4000,0
