1581435284.539;0.000;0;2115;4361;1989;4000
1581435284.593;0.054;1;1918;4329;1977;4000
1581435284.653;0.114;2;1906;4384;1966;4000
1581435284.714;0.175;3;2015;4160;1954;3999
1581435284.773;0.234;4;1794;4444;1943;3999
1581435284.840;0.301;5;1981;4364;1931;3999
1581435284.907;0.368;6;2127;4441;1920;3998
1581435284.960;0.421;7;2027;4239;1909;3998
1581435285.027;0.488;8;1811;4140;1897;3997
1581435285.090;0.551;9;1875;4286;1886;3997
1581435285.156;0.617;10;2084;4054;1874;3996
1581435285.220;0.681;11;1828;4078;1863;3995
1581435285.284;0.745;12;1999;4326;1852;3994
1581435285.346;0.807;13;2072;4233;1840;3994
1581435285.406;0.867;14;1710;4209;1829;3993
1581435285.472;0.933;15;1927;4149;1817;3992
1581435285.538;0.999;16;1998;4155;1806;3991
1581435285.602;1.063;17;1995;4218;1795;3989
1581435285.660;1.121;18;1674;4092;1783;3988
1581435285.722;1.183;19;1960;4170;1772;3987
1581435285.784;1.245;20;1760;4070;1761;3986
1581435285.845;1.306;21;1642;4165;1749;3984
1581435285.907;1.368;22;1755;4149;1738;3983
1581435285.967;1.428;23;1956;4261;1727;3981
1581435286.033;1.494;24;1832;4294;1715;3980
1581435286.096;1.557;25;1803;4191;1704;3978
1581435286.164;1.625;26;1958;3963;1693;3976
1581435286.233;1.694;27;1560;4014;1681;3974
1581435286.302;1.763;28;1852;4009;1670;3973
1581435286.369;1.830;29;1625;4289;1659;3971
1581435286.432;1.893;30;1748;4324;1648;3969
1581435286.494;1.955;31;1604;4146;1636;3967
1581435286.555;2.016;32;1698;4144;1625;3965
1581435286.621;2.082;33;1512;3922;1614;3962
1581435286.680;2.141;34;1835;4235;1603;3960
1581435286.748;2.209;35;1474;4295;1592;3958
1581435286.812;2.273;36;1599;4190;1580;3955
1581435286.873;2.334;37;1812;4011;1569;3953
1581435286.935;2.396;38;1671;4276;1558;3951
1581435287.001;2.462;39;1449;4040;1547;3948
1581435287.068;2.529;40;1574;4003;1536;3945
1581435287.132;2.593;41;1413;4136;1525;3943
1581435287.195;2.656;42;1466;4281;1514;3940
1581435287.265;2.726;43;1715;4339;1503;3937
1581435287.333;2.794;44;1578;4343;1492;3934
1581435287.398;2.859;45;1630;3951;1481;3931
1581435287.463;2.924;46;1457;3937;1469;3928
1581435287.534;2.995;47;1342;4188;1458;3925
1581435287.596;3.057;48;1333;4220;1448;3922
1581435287.657;3.118;49;1530;4225;1437;3919
1581435287.725;3.186;50;1353;4015;1426;3916
1581435287.795;3.256;51;1398;4109;1415;3912
1581435287.863;3.324;52;1393;4261;1404;3909
1581435287.927;3.388;53;1492;4220;1393;3906
1581435287.988;3.449;54;1376;4147;1382;3902
1581435288.058;3.519;55;1464;4092;1371;3899
1581435288.113;3.574;56;1580;4147;1360;3895
1581435288.173;3.634;57;1351;3938;1349;3891
1581435288.240;3.701;58;1499;3869;1339;3887
1581435288.307;3.768;59;1242;4101;1328;3884
1581435288.367;3.828;60;1264;3890;1317;3880
1581435288.434;3.895;61;1536;4151;1306;3876
1581435288.541;4.002;62;1341;3857;1296;3872
1581435288.605;4.066;63;1267;4027;1285;3868
1581435288.663;4.124;64;1493;3854;1274;3864
1581435288.720;4.181;65;1605;4157;1264;3860
1581435288.783;4.244;66;1198;2322;1253;3855
1581435288.850;4.311;67;1319;4103;1243;3851
1581435288.918;4.379;68;1315;4144;1232;3847
1581435288.984;4.445;69;1128;4069;1221;3842
1581435289.052;4.513;70;1340;3960;1211;3838
1581435289.123;4.584;71;1161;2923;1200;3833
1581435289.180;4.641;72;1166;3926;1190;3829
1581435289.247;4.708;73;1172;3885;1180;3824
1581435289.314;4.775;74;1254;4102;1169;3819
1581435289.381;4.842;75;987;3812;1159;3814
1581435289.455;4.916;76;1278;3993;1148;3810
1581435289.522;4.983;77;1055;3970;1138;3805
1581435289.583;5.044;78;1140;3948;1128;3800
1581435289.648;5.109;79;977;3871;1118;3795
1581435289.710;5.171;80;1018;3807;1107;3790
1581435289.771;5.232;81;1195;3798;1097;3785
1581435289.834;5.295;82;1013;3850;1087;3779
1581435289.900;5.361;83;1196;3902;1077;3774
1581435289.965;5.426;84;1362;4081;1067;3769
1581435290.026;5.487;85;1151;3937;1057;3764
1581435290.087;5.548;86;1119;4058;1047;3758
1581435290.141;5.602;87;1131;4063;1036;3753
1581435290.205;5.666;88;1297;3766;1026;3747
1581435290.265;5.726;89;1116;3794;1017;3741
1581435290.326;5.787;90;986;3963;1007;3736
1581435290.385;5.846;91;1142;3676;997;3730
1581435290.446;5.907;92;1080;3752;987;3724
1581435290.509;5.970;93;1375;3767;977;3719
1581435290.575;6.036;94;1058;3843;967;3713
1581435290.642;6.103;95;1257;3770;957;3707
1581435290.704;6.165;96;1033;3654;948;3701
1581435290.774;6.235;97;870;3739;938;3695
1581435290.837;6.298;98;1125;3691;928;3689
1581435290.900;6.361;99;890;3478;919;3683
1581435290.960;6.421;100;842;3561;909;3676
1581435291.021;6.482;101;1041;3743;900;3670
1581435291.088;6.549;102;815;3846;890;3664
1581435291.143;6.604;103;662;3529;881;3657
1581435291.210;6.671;104;684;3768;871;3651
1581435291.280;6.741;105;673;3477;862;3644
1581435291.345;6.806;106;692;3650;852;3638
1581435291.412;6.873;107;944;3502;843;3631
1581435291.483;6.944;108;574;3531;834;3625
1581435291.550;7.011;109;894;3541;824;3618
1581435291.615;7.076;110;922;3443;815;3611
1581435291.682;7.143;111;869;3506;806;3604
1581435291.752;7.213;112;586;3474;797;3598
1581435291.821;7.282;113;811;3507;788;3591
1581435291.873;7.334;114;811;3533;779;3584
1581435291.940;7.401;115;870;3600;770;3577
1581435292.011;7.472;116;680;3602;761;3570
1581435292.085;7.546;117;591;3617;752;3563
1581435292.171;7.632;118;620;3296;743;3555
1581435292.238;7.699;119;584;3442;734;3548
1581435292.335;7.796;120;520;3806;725;3541
1581435292.400;7.861;121;462;3256;716;3534
1581435292.474;7.935;122;720;3257;708;3526
1581435292.545;8.006;123;647;3389;699;3519
1581435292.625;8.086;124;646;3500;690;3511
1581435292.694;8.155;125;718;3468;682;3504
1581435292.766;8.227;126;718;3436;673;3496
1581435292.833;8.294;127;586;3503;665;3489
1581435292.901;8.362;128;486;3474;656;3481
1581435292.971;8.432;129;275;3449;648;3473
1581435293.040;8.501;130;368;3086;639;3466
1581435293.117;8.578;131;152;3274;631;3458
1581435293.183;8.644;132;397;2994;623;3450
1581435293.249;8.710;133;741;3149;614;3442
1581435293.338;8.799;134;265;3377;606;3434
1581435293.406;8.867;135;192;3217;598;3426
1581435293.478;8.939;136;246;3164;590;3418
1581435293.543;9.004;137;430;3210;582;3410
1581435293.613;9.074;138;530;3229;574;3402
1581435293.682;9.143;139;739;3444;566;3394
1581435293.746;9.207;140;693;3319;558;3386
1581435293.818;9.279;141;205;3193;550;3377
1581435293.907;9.368;142;-36;3012;542;3369
1581435293.974;9.435;143;370;3081;534;3361
1581435294.044;9.505;144;279;3173;527;3352
1581435294.151;9.612;145;154;3243;519;3344
1581435294.221;9.682;146;364;3169;511;3335
1581435294.295;9.756;147;386;3266;504;3327
1581435294.431;9.892;148;82;3212;489;3310
1581435294.494;9.955;149;293;3349;481;3301
1581435294.554;10.015;150;406;3203;474;3292
1581435294.614;10.075;151;171;3132;466;3284
1581435294.681;10.142;152;165;3066;459;3275
1581435294.757;10.218;153;297;2996;452;3266
1581435294.831;10.292;154;245;3076;445;3257
1581435294.898;10.359;155;11;2953;437;3248
1581435294.966;10.427;156;39;3037;430;3239
1581435295.028;10.489;157;247;3009;423;3230
1581435295.111;10.572;158;19;3227;416;3221
1581435295.176;10.637;159;286;3035;409;3212
1581435295.244;10.705;160;54;3120;402;3203
1581435295.316;10.777;161;15;3083;396;3194
1581435295.384;10.845;162;233;3149;389;3185
1581435295.462;10.923;163;-91;3065;382;3176
1581435295.533;10.994;164;-20;3126;375;3166
1581435295.602;11.063;165;-122;2864;369;3157
1581435295.687;11.148;166;150;2856;362;3148
1581435295.751;11.212;167;50;2737;356;3138
1581435295.823;11.284;168;-123;2975;349;3129
1581435295.897;11.358;169;101;3083;343;3119
1581435295.967;11.428;170;-82;2778;336;3110
1581435296.034;11.495;171;-48;2914;330;3100
1581435296.111;11.572;172;-97;2770;324;3091
1581435296.182;11.643;173;-4;2799;317;3081
1581435296.248;11.709;174;-240;2846;311;3072
1581435296.321;11.782;175;-165;2844;305;3062
1581435296.391;11.852;176;-196;2885;299;3052
1581435296.460;11.921;177;-108;2772;293;3043
1581435296.538;11.999;178;6;3056;287;3033
1581435296.609;12.070;179;-170;2979;281;3023
1581435296.677;12.138;180;-67;2777;276;3013
1581435296.765;12.226;181;-81;2693;270;3003
1581435296.849;12.310;182;0;2658;264;2993
1581435296.929;12.390;183;-302;2994;259;2983
1581435296.995;12.456;184;-91;2957;253;2974
1581435297.069;12.530;185;40;2699;247;2964
1581435297.144;12.605;186;-251;2920;242;2953
1581435297.211;12.672;187;-233;2948;236;2943
1581435297.311;12.772;188;-45;2734;231;2933
1581435297.379;12.840;189;-274;2928;226;2923
1581435297.454;12.915;190;-179;2562;221;2913
1581435297.526;12.987;191;-225;2704;215;2903
1581435297.596;13.057;192;-312;2735;210;2893
1581435297.665;13.126;193;-420;2910;205;2882
1581435297.736;13.197;194;-71;2904;200;2872
1581435297.811;13.272;195;-269;2723;195;2862
1581435297.881;13.342;196;-179;2753;190;2852
1581435297.953;13.414;197;-183;2604;186;2841
1581435298.022;13.483;198;-69;2594;181;2831
1581435298.098;13.559;199;-472;2848;176;2820
1581435298.165;13.626;200;-324;2489;171;2810
1581435298.231;13.692;201;-358;2485;167;2800
1581435298.303;13.764;202;-398;2680;162;2789
1581435298.375;13.836;203;-457;2688;158;2779
1581435298.449;13.910;204;-201;2408;153;2768
1581435298.511;13.972;205;-347;2721;149;2757
1581435298.580;14.041;206;-130;2798;145;2747
1581435298.647;14.108;207;-168;2582;140;2736
1581435298.711;14.172;208;-357;2507;136;2726
1581435298.782;14.243;209;-268;2695;132;2715
1581435298.850;14.311;210;-270;2477;128;2704
1581435298.917;14.378;211;-183;2485;124;2694
1581435298.981;14.442;212;-160;2468;120;2683
1581435299.062;14.523;213;-203;2614;116;2672
1581435299.147;14.608;214;-440;2467;113;2661
1581435299.215;14.676;215;-146;2547;109;2651
1581435299.288;14.749;216;-301;2117;105;2640
1581435299.359;14.820;217;-316;2320;101;2629
1581435299.432;14.893;218;-256;2523;98;2618
1581435299.509;14.970;219;-500;2589;94;2607
1581435299.577;15.038;220;63;2147;91;2596
1581435299.647;15.108;221;7;2285;88;2585
1581435299.713;15.174;222;-176;2488;84;2574
1581435299.782;15.243;223;201;2197;81;2563
1581435299.849;15.310;224;-132;2399;78;2552
1581435299.918;15.379;225;-174;2329;75;2542
1581435299.988;15.449;226;20;2212;72;2531
1581435300.058;15.519;227;-139;2429;69;2519
1581435300.135;15.596;228;-413;2328;66;2508
1581435300.205;15.666;229;-235;2319;63;2497
1581435300.279;15.740;230;-542;2603;60;2486
1581435300.349;15.810;231;-236;2467;57;2475
1581435300.417;15.878;232;-336;2538;55;2464
1581435300.487;15.948;233;-202;2510;52;2453
1581435300.563;16.024;234;-467;2378;49;2442
1581435300.629;16.090;235;-373;2258;47;2431
1581435300.693;16.154;236;-335;2080;45;2420
1581435300.768;16.229;237;-197;2267;42;2408
1581435300.842;16.303;238;-452;2264;40;2397
1581435300.911;16.372;239;-382;2246;38;2386
1581435300.981;16.442;240;-287;2356;35;2375
1581435301.052;16.513;241;-462;2315;33;2364
1581435301.126;16.587;242;-138;2143;31;2352
1581435301.196;16.657;243;-250;1820;29;2341
1581435301.265;16.726;244;-84;2025;27;2330
1581435301.365;16.826;245;-370;2400;26;2319
1581435301.424;16.885;246;-84;2067;24;2307
1581435301.495;16.956;247;-334;2256;22;2296
1581435301.563;17.024;248;-197;1772;20;2285
1581435301.631;17.092;249;-181;2011;19;2273
1581435301.698;17.159;250;-141;2126;17;2262
1581435301.764;17.225;251;-53;2068;16;2251
1581435301.840;17.301;252;58;2186;14;2239
1581435301.912;17.373;253;39;2164;13;2228
1581435301.976;17.437;254;57;1920;12;2217
1581435302.045;17.506;255;94;2159;11;2205
1581435302.142;17.603;256;-373;2059;9;2194
1581435302.235;17.696;257;-313;1799;8;2183
1581435302.307;17.768;258;-200;1897;7;2171
1581435302.379;17.840;259;-238;2131;6;2160
1581435302.444;17.905;260;-157;2055;6;2148
1581435302.515;17.976;261;-358;1626;5;2137
1581435302.582;18.043;262;-180;2154;4;2126
1581435302.655;18.116;263;-422;2136;3;2114
1581435302.729;18.190;264;-228;2008;3;2103
1581435302.800;18.261;265;-227;2214;2;2091
1581435302.888;18.349;266;-283;1874;2;2080
1581435302.965;18.426;267;-275;2020;1;2069
1581435303.031;18.492;268;-93;2131;1;2057
1581435303.105;18.566;269;-218;2001;1;2046
1581435303.164;18.625;270;-96;1962;0;2034
1581435303.232;18.693;271;-309;1887;0;2023
1581435303.306;18.767;272;-38;1907;0;2011
1581435303.378;18.839;273;-115;1996;0;2000
1581435303.450;18.911;274;-120;1682;0;1989
1581435303.521;18.982;275;-53;1980;0;1977
1581435303.594;19.055;276;-217;1650;0;1966
1581435303.660;19.121;277;-36;1705;1;1954
1581435303.748;19.209;278;-56;1880;1;1943
1581435303.825;19.286;279;-131;1900;1;1931
1581435303.895;19.356;280;-283;1731;2;1920
1581435303.960;19.421;281;-302;1952;2;1909
1581435304.030;19.491;282;-143;1999;3;1897
1581435304.108;19.569;283;46;1744;3;1886
1581435304.180;19.641;284;-49;1920;4;1874
1581435304.251;19.712;285;-56;1789;5;1863
1581435304.326;19.787;286;-119;1674;6;1852
1581435304.397;19.858;287;-140;1736;6;1840
1581435304.471;19.932;288;-225;1684;7;1829
1581435304.543;20.004;289;-319;1254;8;1817
1581435304.614;20.075;290;-294;1840;9;1806
1581435304.686;20.147;291;-93;1803;11;1795
1581435304.758;20.219;292;-22;1623;12;1783
1581435304.832;20.293;293;-186;1928;13;1772
1581435304.902;20.363;294;-364;1833;14;1761
1581435304.974;20.435;295;-455;1856;16;1749
1581435305.046;20.507;296;-75;1502;17;1738
1581435305.124;20.585;297;-200;1466;19;1727
1581435305.189;20.650;298;-75;1457;20;1715
1581435305.254;20.715;299;-401;1630;22;1704
1581435305.331;20.792;300;-192;1703;24;1693
1581435305.402;20.863;301;-243;1565;26;1681
1581435305.468;20.929;302;-198;1592;27;1670
1581435305.538;20.999;303;-329;1711;29;1659
1581435305.606;21.067;304;-402;1568;31;1648
1581435305.678;21.139;305;-332;1594;33;1636
1581435305.745;21.206;306;-327;1569;35;1625
1581435305.846;21.307;307;-66;1412;38;1614
1581435305.917;21.378;308;-250;1307;40;1603
1581435305.993;21.454;309;-92;1259;42;1592
1581435306.061;21.522;310;-66;1505;45;1580
1581435306.138;21.599;311;-30;1133;47;1569
1581435306.214;21.675;312;-113;1437;49;1558
1581435306.275;21.736;313;-314;1248;52;1547
1581435306.342;21.803;314;-144;1447;55;1536
1581435306.407;21.868;315;-183;1443;57;1525
1581435306.479;21.940;316;27;1352;60;1514
1581435306.547;22.008;317;-99;1416;63;1503
1581435306.609;22.070;318;-239;1391;66;1492
1581435306.679;22.140;319;-138;1386;69;1481
1581435306.742;22.203;320;2;1022;72;1469
1581435306.811;22.272;321;-56;1417;75;1458
1581435306.878;22.339;322;-328;1433;78;1448
1581435306.944;22.405;323;-69;1032;81;1437
1581435307.012;22.473;324;-254;1158;84;1426
1581435307.078;22.539;325;23;977;88;1415
1581435307.165;22.626;326;-122;1140;91;1404
1581435307.234;22.695;327;-29;1023;94;1393
1581435307.309;22.770;328;-46;1456;98;1382
1581435307.397;22.858;329;-7;1223;101;1371
1581435307.456;22.917;330;68;1196;105;1360
1581435307.522;22.983;331;-113;1269;109;1349
1581435307.592;23.053;332;-264;1292;113;1339
1581435307.661;23.122;333;-81;1135;116;1328
1581435307.728;23.189;334;-236;1237;120;1317
1581435307.799;23.260;335;-256;1217;124;1306
1581435307.873;23.334;336;-4;1221;128;1296
1581435307.942;23.403;337;18;1142;132;1285
1581435308.011;23.472;338;-142;1185;136;1274
1581435308.080;23.541;339;41;1202;140;1264
1581435308.160;23.621;340;996;-1074;145;1253
1581435308.225;23.686;341;-287;921;149;1243
1581435308.319;23.780;342;-148;1058;153;1232
1581435308.388;23.849;343;-63;837;158;1221
1581435308.459;23.920;344;61;867;162;1211
1581435308.547;24.008;345;75;1175;167;1200
1581435308.618;24.079;346;-97;1112;171;1190
1581435308.690;24.151;347;44;1115;176;1180
1581435308.762;24.223;348;-248;1194;181;1169
1581435308.840;24.301;349;-93;851;186;1159
1581435308.911;24.372;350;38;1128;190;1148
1581435308.983;24.444;351;-222;1139;195;1138
1581435309.070;24.531;352;-161;1162;200;1128
1581435309.170;24.631;353;-179;1196;205;1118
1581435309.242;24.703;354;-150;1002;210;1107
1581435309.314;24.775;355;-45;1146;215;1097
1581435309.399;24.860;356;97;1007;221;1087
1581435309.478;24.939;357;145;1102;226;1077
1581435309.543;25.004;358;-34;760;231;1067
1581435309.610;25.071;359;-111;813;236;1057
1581435309.677;25.138;360;273;799;242;1047
1581435309.747;25.208;361;979;-573;247;1036
1581435309.818;25.279;362;24;718;253;1026
1581435309.890;25.351;363;46;992;259;1017
1581435309.963;25.424;364;-110;900;264;1007
1581435310.047;25.508;365;-85;858;270;997
1581435310.124;25.585;366;-133;749;276;987
1581435310.192;25.653;367;70;1017;281;977
1581435310.261;25.722;368;106;795;287;967
1581435310.334;25.795;369;49;1012;293;957
1581435310.423;25.884;370;-8;848;299;948
1581435310.502;25.963;371;-37;649;305;938
1581435310.571;26.032;372;29;741;311;928
1581435310.655;26.116;373;505;603;317;919
1581435310.724;26.185;374;171;578;324;909
1581435310.790;26.251;375;281;500;330;900
1581435310.860;26.321;376;483;867;336;890
1581435310.924;26.385;377;380;746;343;881
1581435311.060;26.521;378;565;599;356;862
1581435311.133;26.594;379;416;713;362;852
1581435311.205;26.666;380;452;593;369;843
1581435311.274;26.735;381;510;704;375;834
1581435311.348;26.809;382;558;858;382;824
1581435311.415;26.876;383;613;374;389;815
1581435311.500;26.961;384;358;837;396;806
1581435311.591;27.052;385;536;827;402;797
1581435311.657;27.118;386;692;772;409;788
1581435311.727;27.188;387;401;721;416;779
1581435311.799;27.260;388;663;692;423;770
1581435311.866;27.327;389;553;629;430;761
1581435311.936;27.397;390;475;699;437;752
1581435312.049;27.510;391;657;581;445;743
1581435312.140;27.601;392;615;817;452;734
1581435312.210;27.671;393;698;573;459;725
1581435312.280;27.741;394;613;758;466;716
1581435312.352;27.813;395;754;478;474;708
1581435312.424;27.885;396;517;665;481;699
1581435312.492;27.953;397;767;351;489;690
1581435312.556;28.017;398;659;208;496;682
1581435312.626;28.087;399;867;-541;504;673
1581435312.689;28.150;400;655;575;511;665
1581435312.778;28.239;401;663;348;519;656
1581435312.848;28.309;402;620;265;527;648
1581435312.921;28.382;403;832;87;534;639
1581435312.994;28.455;404;769;308;542;631
1581435313.060;28.521;405;602;396;550;623
1581435313.125;28.586;406;-651;809;558;614
1581435313.191;28.652;407;1033;215;566;606
1581435313.259;28.720;408;678;368;574;598
1581435313.327;28.788;409;1035;369;582;590
1581435313.392;28.853;410;689;330;590;582
1581435313.466;28.927;411;613;266;598;574
1581435313.538;28.999;412;855;328;606;566
1581435313.606;29.067;413;1004;209;614;558
1581435313.672;29.133;414;818;403;623;550
1581435313.757;29.218;415;893;151;631;542
1581435313.848;29.309;416;653;218;639;534
1581435313.921;29.382;417;682;367;648;527
1581435313.993;29.454;418;859;132;656;519
1581435314.059;29.520;419;911;-32;665;511
1581435314.126;29.587;420;950;421;673;504
1581435314.199;29.660;421;994;355;682;496
1581435314.271;29.732;422;910;52;690;489
1581435314.340;29.801;423;920;86;699;481
1581435314.409;29.870;424;860;98;708;474
1581435314.470;29.931;425;1002;94;716;466
1581435314.542;30.003;426;851;200;725;459
1581435314.630;30.091;427;1045;310;734;452
1581435314.720;30.181;428;954;54;743;445
1581435314.789;30.250;429;889;-14;752;437
1581435314.868;30.329;430;1039;365;761;430
1581435314.939;30.400;431;979;-50;770;423
1581435315.003;30.464;432;981;204;779;416
1581435315.078;30.539;433;799;247;788;409
1581435315.160;30.621;434;1014;48;797;402
1581435315.227;30.688;435;966;94;806;396
1581435315.302;30.763;436;823;158;815;389
1581435315.371;30.832;437;1074;139;824;382
1581435315.460;30.921;438;946;-24;834;375
1581435315.530;30.991;439;1195;199;843;369
1581435315.596;31.057;440;927;-105;852;362
1581435315.667;31.128;441;1178;205;862;356
1581435315.727;31.188;442;869;236;871;349
1581435315.797;31.258;443;909;-11;881;343
1581435315.865;31.326;444;1078;-190;890;336
1581435315.933;31.394;445;842;174;900;330
1581435316.008;31.469;446;1111;-64;909;324
1581435316.076;31.537;447;1116;101;919;317
1581435316.149;31.610;448;1145;-74;928;311
1581435316.235;31.696;449;1032;-103;938;305
1581435316.314;31.775;450;1034;-108;948;299
1581435316.385;31.846;451;1295;184;957;293
1581435316.451;31.912;452;1164;-117;967;287
1581435316.519;31.980;453;1099;51;977;281
1581435316.602;32.063;454;1301;-132;987;276
1581435316.676;32.137;455;1215;-180;997;270
1581435316.746;32.207;456;1301;-86;1007;264
1581435316.844;32.305;457;1238;-92;1017;259
1581435316.918;32.379;458;1045;-39;1026;253
1581435316.990;32.451;459;1416;57;1036;247
1581435317.056;32.517;460;1562;-548;1047;242
1581435317.129;32.590;461;1333;41;1057;236
1581435317.195;32.656;462;1473;-265;1067;231
1581435317.261;32.722;463;1259;-188;1077;226
1581435317.354;32.815;464;1122;-20;1087;221
1581435317.422;32.883;465;1539;-227;1097;215
1581435317.493;32.954;466;1236;-257;1107;210
1581435317.563;33.024;467;1178;-66;1118;205
1581435317.632;33.093;468;1449;-245;1128;200
1581435317.694;33.155;469;1354;-231;1138;195
1581435317.770;33.231;470;1471;-47;1148;190
1581435317.843;33.304;471;1423;-381;1159;186
1581435317.909;33.370;472;1374;-61;1169;181
1581435317.998;33.459;473;1607;-90;1180;176
1581435318.075;33.536;474;1484;-161;1190;171
1581435318.150;33.611;475;1322;35;1200;167
1581435318.215;33.676;476;1516;-266;1211;162
1581435318.286;33.747;477;1526;-501;1221;158
1581435318.359;33.820;478;1604;-397;1232;153
1581435318.427;33.888;479;1574;-288;1243;149
1581435318.493;33.954;480;1705;-143;1253;145
1581435318.578;34.039;481;1562;-311;1264;140
1581435318.649;34.110;482;1411;-25;1274;136
1581435318.720;34.181;483;1562;-239;1285;132
1581435318.789;34.250;484;1540;-247;1296;128
1581435318.859;34.320;485;1456;-299;1306;124
1581435318.926;34.387;486;1758;-193;1317;120
1581435319.014;34.475;487;1759;-201;1328;116
1581435319.089;34.550;488;1779;-353;1339;113
1581435319.231;34.692;489;1602;-55;1360;105
1581435319.313;34.774;490;1798;-54;1371;101
1581435319.384;34.845;491;1664;-262;1382;98
1581435319.458;34.919;492;1684;-17;1393;94
1581435319.529;34.990;493;1791;-340;1404;91
1581435319.598;35.059;494;1647;-192;1415;88
1581435319.672;35.133;495;1902;-264;1426;84
1581435319.741;35.202;496;1857;-114;1437;81
1581435319.812;35.273;497;1601;-241;1448;78
1581435319.881;35.342;498;1598;-120;1458;75
1581435319.953;35.414;499;1905;-337;1469;72
1581435320.022;35.483;500;1544;-202;1481;69
1581435320.094;35.555;501;1668;-34;1492;66
1581435320.171;35.632;502;1630;-212;1503;63
1581435320.255;35.716;503;1744;-162;1514;60
1581435320.330;35.791;504;1714;-332;1525;57
1581435320.401;35.862;505;1648;-153;1536;55
1581435320.471;35.932;506;1810;-164;1547;52
1581435320.541;36.002;507;1703;-223;1558;49
1581435320.607;36.068;508;2022;-183;1569;47
1581435320.674;36.135;509;2073;-434;1580;45
1581435320.735;36.196;510;1938;-182;1592;42
1581435320.808;36.269;511;1979;-286;1603;40
1581435320.877;36.338;512;2149;-170;1614;38
1581435320.944;36.405;513;2038;-293;1625;35
1581435321.032;36.493;514;1854;-228;1636;33
1581435321.106;36.567;515;2066;-317;1648;31
1581435321.184;36.645;516;1865;-238;1659;29
1581435321.253;36.714;517;1902;-377;1670;27
1581435321.323;36.784;518;2102;-345;1681;26
1581435321.388;36.849;519;2034;-319;1693;24
1581435321.457;36.918;520;1842;-157;1704;22
1581435321.524;36.985;521;1868;-245;1715;20
1581435321.591;37.052;522;1793;-23;1727;19
1581435321.659;37.120;523;1640;-80;1738;17
1581435321.727;37.188;524;1877;-90;1749;16
1581435321.802;37.263;525;1711;-298;1761;14
1581435321.870;37.331;526;1644;-295;1772;13
1581435321.946;37.407;527;2116;-471;1783;12
1581435322.014;37.475;528;1786;-230;1795;11
1581435322.074;37.535;529;2032;-248;1806;9
1581435322.149;37.610;530;1855;-181;1817;8
1581435322.215;37.676;531;2069;-281;1829;7
1581435322.286;37.747;532;2163;-232;1840;6
1581435322.354;37.815;533;2077;-293;1852;6
1581435322.429;37.890;534;2052;-266;1863;5
1581435322.496;37.957;535;1932;-211;1874;4
1581435322.568;38.029;536;2124;-419;1886;3
1581435322.643;38.104;537;2337;-175;1897;3
1581435322.709;38.170;538;1901;-119;1909;2
1581435322.774;38.235;539;2329;-374;1920;2
1581435322.849;38.310;540;2156;-336;1931;1
1581435322.920;38.381;541;2112;-182;1943;1
1581435322.991;38.452;542;2142;-212;1954;1
1581435323.060;38.521;543;2324;-228;1966;0
1581435323.137;38.598;544;2243;-323;1977;0
1581435323.204;38.665;545;2216;-197;1989;0
1581435323.279;38.740;546;2124;-294;2000;0
1581435323.350;38.811;547;2022;-270;2013;0
1581435323.421;38.882;548;2277;-303;2026;0
1581435323.496;38.957;549;2188;-210;2039;0
1581435323.566;39.027;550;2020;-34;2053;0
1581435323.650;39.111;551;2219;-114;2066;0
1581435323.721;39.182;552;2331;-283;2079;0
1581435323.790;39.251;553;2500;-379;2092;0
1581435323.863;39.324;554;2500;-294;2105;0
1581435323.934;39.395;555;2216;-353;2118;0
1581435324.004;39.465;556;2464;-303;2132;0
1581435324.093;39.554;557;2347;-231;2145;0
1581435324.188;39.649;558;2416;-264;2158;0
1581435324.255;39.716;559;2413;-262;2171;0
1581435324.331;39.792;560;2357;-295;2184;0
1581435324.403;39.864;561;2330;-406;2197;0
1581435324.465;39.926;562;2587;-267;2211;0
1581435324.536;39.997;563;2514;-366;2224;0
1581435324.605;40.066;564;2584;-249;2237;0
1581435324.678;40.139;565;2763;-348;2250;0
1581435324.748;40.209;566;2284;-383;2263;0
1581435324.845;40.306;567;2589;-325;2276;0
1581435324.916;40.377;568;2740;-73;2290;0
1581435324.990;40.451;569;2597;-269;2303;0
1581435325.063;40.524;570;2388;-388;2316;0
1581435325.141;40.602;571;2627;-299;2329;0
1581435325.213;40.674;572;2649;-388;2342;0
1581435325.280;40.741;573;2546;-396;2355;0
1581435325.353;40.814;574;2759;-106;2368;0
1581435325.420;40.881;575;2834;-472;2382;0
1581435325.488;40.949;576;2776;-111;2395;0
1581435325.556;41.017;577;2552;-183;2408;0
1581435325.622;41.083;578;2514;-319;2421;0
1581435325.689;41.150;579;2681;-211;2434;0
1581435325.764;41.225;580;2918;-589;2447;0
1581435325.834;41.295;581;2838;-311;2461;0
1581435325.903;41.364;582;2827;-206;2474;0
1581435325.979;41.440;583;2656;-461;2487;0
1581435326.048;41.509;584;2729;-272;2500;0
1581435326.123;41.584;585;2790;-469;2513;0
1581435326.187;41.648;586;2920;-312;2526;0
1581435326.255;41.716;587;2865;-189;2540;0
1581435326.327;41.788;588;2657;-363;2553;0
1581435326.393;41.854;589;2729;-337;2566;0
1581435326.477;41.938;590;2994;-306;2579;0
1581435326.540;42.001;591;2657;-269;2592;0
1581435326.610;42.071;592;3070;-414;2605;0
1581435326.681;42.142;593;2919;-138;2619;0
1581435326.743;42.204;594;2915;-303;2632;0
1581435326.808;42.269;595;2795;-186;2645;0
1581435326.880;42.341;596;2938;-567;2658;0
1581435326.943;42.404;597;2870;-324;2671;0
1581435327.012;42.473;598;3046;-458;2684;0
1581435327.083;42.544;599;3014;-193;2697;0
1581435327.160;42.621;600;3028;-494;2711;0
1581435327.229;42.690;601;3077;-265;2724;0
1581435327.296;42.757;602;3000;-470;2737;0
1581435327.372;42.833;603;3159;-284;2750;0
1581435327.457;42.918;604;3043;-417;2763;0
1581435327.524;42.985;605;2895;-148;2776;0
1581435327.590;43.051;606;3029;-500;2790;0
1581435327.659;43.120;607;3258;-527;2803;0
1581435327.750;43.211;608;3193;-238;2816;0
1581435327.830;43.291;609;3081;-321;2829;0
1581435327.906;43.367;610;3256;-340;2842;0
1581435327.974;43.435;611;3206;-526;2855;0
1581435328.044;43.505;612;2982;-524;2869;0
1581435328.118;43.579;613;3250;-474;2882;0
1581435328.190;43.651;614;3292;-278;2895;0
1581435328.252;43.713;615;3324;-286;2908;0
1581435328.324;43.785;616;3075;-263;2921;0
1581435328.410;43.871;617;3490;-545;2934;0
1581435328.486;43.947;618;3312;-252;2948;0
1581435328.553;44.014;619;3297;-634;2961;0
1581435328.620;44.081;620;3464;-736;2974;0
1581435328.732;44.193;621;3299;-479;2987;0
1581435328.805;44.266;622;3108;-557;3000;0
1581435328.875;44.336;623;3360;-494;3013;0
1581435328.944;44.405;624;3293;-236;3026;0
1581435329.013;44.474;625;3235;-527;3040;0
1581435329.087;44.548;626;3581;-240;3053;0
1581435329.164;44.625;627;3343;-400;3066;0
1581435329.252;44.713;628;3158;-72;3079;0
1581435329.319;44.780;629;3255;-427;3092;0
1581435329.385;44.846;630;3558;-123;3105;0
1581435329.462;44.923;631;3520;-457;3119;0
1581435329.548;45.009;632;3284;-287;3132;0
1581435329.620;45.081;633;3442;-412;3145;0
1581435329.690;45.151;634;3585;-234;3158;0
1581435329.761;45.222;635;3285;-205;3171;0
1581435329.824;45.285;636;3514;-33;3184;0
1581435329.893;45.354;637;3735;-602;3198;0
1581435329.967;45.428;638;3498;-248;3211;0
1581435330.036;45.497;639;3641;-386;3224;0
1581435330.106;45.567;640;3540;-92;3237;0
1581435330.169;45.630;641;3574;-83;3250;0
1581435330.243;45.704;642;3690;-96;3263;0
1581435330.339;45.800;643;3601;-391;3277;0
1581435330.405;45.866;644;3588;-282;3290;0
1581435330.483;45.944;645;3726;-234;3303;0
1581435330.551;46.012;646;3745;-162;3316;0
1581435330.611;46.072;647;3764;-447;3329;0
1581435330.682;46.143;648;3704;-390;3342;0
1581435330.767;46.228;649;3358;-109;3355;0
1581435330.840;46.301;650;3459;-446;3369;0
1581435330.906;46.367;651;3718;-448;3382;0
1581435330.971;46.432;652;3556;-264;3395;0
1581435331.038;46.499;653;3545;-299;3408;0
1581435331.116;46.577;654;3532;-198;3421;0
1581435331.188;46.649;655;3684;-48;3434;0
1581435331.255;46.716;656;3904;-384;3448;0
1581435331.328;46.789;657;3846;-289;3461;0
1581435331.387;46.848;658;3622;-272;3474;0
1581435331.461;46.922;659;3834;-234;3487;0
1581435331.534;46.995;660;3570;-288;3500;0
1581435331.604;47.065;661;3650;-135;3513;0
1581435331.681;47.142;662;3815;-351;3527;0
1581435331.756;47.217;663;3613;-296;3540;0
1581435331.835;47.296;664;4023;-204;3553;0
1581435331.902;47.363;665;3964;-380;3566;0
1581435331.976;47.437;666;3819;-154;3579;0
1581435332.047;47.508;667;3850;-337;3592;0
1581435332.123;47.584;668;3878;-194;3606;0
1581435332.202;47.663;669;3683;-383;3619;0
1581435332.267;47.728;670;4088;-415;3632;0
1581435332.345;47.806;671;3873;-104;3645;0
1581435332.412;47.873;672;3946;-200;3658;0
1581435332.471;47.932;673;3914;-344;3671;0
1581435332.531;47.992;674;3785;-398;3684;0
1581435332.607;48.068;675;4052;-74;3698;0
1581435332.673;48.134;676;3825;-238;3711;0
1581435332.739;48.200;677;3684;-236;3724;0
1581435332.812;48.273;678;3951;-386;3737;0
1581435332.872;48.333;679;3917;-307;3750;0
1581435332.942;48.403;680;3903;-361;3763;0
1581435333.006;48.467;681;3772;-352;3777;0
1581435333.084;48.545;682;4066;-186;3790;0
1581435333.171;48.632;683;4083;-464;3803;0
1581435333.248;48.709;684;4068;-264;3816;0
1581435333.317;48.778;685;3871;-296;3829;0
1581435333.401;48.862;686;3886;-119;3842;0
1581435333.478;48.939;687;4111;-274;3856;0
1581435333.562;49.023;688;4196;-215;3869;0
1581435333.645;49.106;689;4027;-453;3882;0
1581435333.716;49.177;690;3961;-378;3895;0
1581435333.784;49.245;691;4199;-253;3908;0
1581435333.857;49.318;692;4107;-386;3921;0
1581435333.925;49.386;693;4071;-384;3935;0
1581435333.997;49.458;694;3947;-152;3948;0
1581435334.056;49.517;695;4066;-172;3961;0
1581435334.122;49.583;696;4297;-255;3974;0
1581435334.192;49.653;697;4222;-460;3987;0
1581435334.252;49.713;698;4265;-298;4000;0
1581435334.328;49.789;699;4123;-276;4013;0
1581435334.396;49.857;700;4174;-298;4027;0
1581435334.460;49.921;701;4361;-195;4040;0
1581435334.541;50.002;702;4274;-379;4053;0
1581435334.611;50.072;703;4376;-418;4066;0
1581435334.687;50.148;704;4239;-123;4079;0
1581435334.755;50.216;705;4235;-223;4092;0
1581435334.828;50.289;706;4559;-263;4106;0
1581435334.889;50.350;707;4266;-158;4119;0
1581435334.957;50.418;708;4254;-141;4132;0
1581435335.024;50.485;709;4225;-432;4145;0
1581435335.084;50.545;710;4242;-157;4158;0
1581435335.160;50.621;711;4494;-145;4171;0
1581435335.233;50.694;712;4293;-176;4185;0
1581435335.301;50.762;713;4560;-145;4198;0
1581435335.372;50.833;714;4478;-322;4211;0
1581435335.442;50.903;715;4405;-401;4224;0
1581435335.511;50.972;716;4364;-364;4237;0
1581435335.582;51.043;717;4421;-277;4250;0
1581435335.653;51.114;718;4443;-399;4264;0
1581435335.718;51.179;719;4609;-349;4277;0
1581435335.788;51.249;720;4535;-192;4290;0
1581435335.855;51.316;721;4415;-444;4303;0
1581435335.922;51.383;722;4591;-380;4316;0
1581435335.984;51.445;723;4575;-336;4329;0
1581435336.054;51.515;724;4470;-346;4342;0
1581435336.123;51.584;725;4541;-299;4356;0
1581435336.186;51.647;726;4788;-469;4369;0
1581435336.253;51.714;727;4559;-131;4382;0
1581435336.324;51.785;728;4841;-202;4395;0
1581435336.392;51.853;729;4444;-372;4408;0
1581435336.464;51.925;730;4707;-242;4421;0
1581435336.551;52.012;731;4827;-409;4435;0
1581435336.623;52.084;732;4575;-371;4448;0
1581435336.697;52.158;733;4548;-304;4461;0
1581435336.766;52.227;734;4682;-182;4474;0
1581435336.840;52.301;735;4729;-386;4487;0
1581435336.915;52.376;736;4700;-319;4500;0
1581435336.989;52.450;737;4498;-547;4514;0
1581435337.060;52.521;738;4717;-211;4527;0
1581435337.136;52.597;739;4745;-231;4540;0
1581435337.213;52.674;740;4723;-467;4553;0
1581435337.271;52.732;741;4903;-308;4566;0
1581435337.366;52.827;742;5002;-408;4579;0
1581435337.429;52.890;743;4817;-228;4593;0
1581435337.499;52.960;744;4927;-110;4606;0
1581435337.572;53.033;745;5092;-74;4619;0
1581435337.640;53.101;746;5039;-224;4632;0
1581435337.713;53.174;747;5165;-307;4645;0
1581435337.782;53.243;748;4941;-388;4658;0
1581435337.854;53.315;749;5111;-46;4671;0
1581435337.921;53.382;750;5135;-333;4685;0
1581435337.987;53.448;751;4952;-144;4698;0
1581435338.053;53.514;752;5095;-3;4711;0
1581435338.132;53.593;753;4965;-103;4724;0
1581435338.198;53.659;754;5119;-41;4737;0
1581435338.266;53.727;755;5013;0;4750;0
1581435338.338;53.799;756;5234;-306;4764;0
1581435338.427;53.888;757;5316;-262;4777;0
1581435338.500;53.961;758;4976;-324;4790;0
1581435338.565;54.026;759;5185;-519;4803;0
1581435338.635;54.096;760;5198;-260;4816;0
1581435338.703;54.164;761;5153;-319;4829;0
1581435338.769;54.230;762;5268;-437;4843;0
1581435338.851;54.312;763;5498;-497;4856;0
1581435338.915;54.376;764;5068;-467;4869;0
1581435338.986;54.447;765;5397;-93;4882;0
1581435339.052;54.513;766;5266;-36;4895;0
1581435339.119;54.580;767;5155;-235;4908;0
1581435339.193;54.654;768;5293;-317;4922;0
1581435339.264;54.725;769;5368;-305;4935;0
1581435339.337;54.798;770;5576;-302;4948;0
1581435339.405;54.866;771;5252;-266;4961;0
1581435339.473;54.934;772;4935;-437;4974;0
1581435339.542;55.003;773;5586;-475;4987;0
1581435339.602;55.063;774;5377;-149;5000;0
1581435339.671;55.132;775;5350;-107;5014;0
1581435339.737;55.198;776;5381;-385;5027;0
1581435339.803;55.264;777;5523;-111;5040;0
1581435339.875;55.336;778;5443;-274;5053;0
1581435339.942;55.403;779;5425;-271;5066;0
1581435340.012;55.473;780;5546;-293;5079;0
1581435340.082;55.543;781;5685;-295;5093;0
1581435340.155;55.616;782;5590;-248;5106;0
1581435340.228;55.689;783;5536;-499;5119;0
1581435340.296;55.757;784;5323;-222;5132;0
1581435340.371;55.832;785;5281;-396;5145;0
1581435340.437;55.898;786;5227;-464;5158;0
1581435340.503;55.964;787;5693;-247;5172;0
1581435340.570;56.031;788;5740;-99;5185;0
1581435340.637;56.098;789;5610;-110;5198;0
1581435340.704;56.165;790;5741;-290;5211;0
1581435340.766;56.227;791;5574;-154;5224;0
1581435340.841;56.302;792;5702;-119;5237;0
1581435340.910;56.371;793;5719;-380;5251;0
1581435340.981;56.442;794;5641;-360;5264;0
1581435341.053;56.514;795;5687;-349;5277;0
1581435341.131;56.592;796;5694;-50;5290;0
1581435341.199;56.660;797;5971;-162;5303;0
1581435341.270;56.731;798;5812;-318;5316;0
1581435341.343;56.804;799;5717;-275;5329;0
1581435341.414;56.875;800;5739;-66;5343;0
1581435341.488;56.949;801;6012;-322;5356;0
1581435341.557;57.018;802;5988;-253;5369;0
1581435341.618;57.079;803;5976;-76;5382;0
1581435341.704;57.165;804;5824;-15;5395;0
1581435341.788;57.249;805;5845;-19;5408;0
1581435341.853;57.314;806;5673;-232;5422;0
1581435341.923;57.384;807;5866;-238;5435;0
1581435341.990;57.451;808;5933;-169;5448;0
1581435342.060;57.521;809;5944;-302;5461;0
1581435342.136;57.597;810;5820;-381;5474;0
1581435342.206;57.667;811;5766;-87;5487;0
1581435342.277;57.738;812;5698;-165;5501;0
1581435342.357;57.818;813;6112;-24;5514;0
1581435342.420;57.881;814;5974;-136;5527;0
1581435342.497;57.958;815;5907;58;5540;0
1581435342.568;58.029;816;5940;-312;5553;0
1581435342.634;58.095;817;6155;-241;5566;0
1581435342.702;58.163;818;6164;-398;5580;0
1581435342.769;58.230;819;6205;-279;5593;0
1581435342.840;58.301;820;6115;-272;5606;0
1581435342.908;58.369;821;6130;-250;5619;0
1581435342.992;58.453;822;6186;-341;5632;0
1581435343.062;58.523;823;6050;-247;5645;0
1581435343.134;58.595;824;6088;-273;5658;0
1581435343.198;58.659;825;5975;-169;5672;0
1581435343.266;58.727;826;5947;-65;5685;0
1581435343.336;58.797;827;5917;-175;5698;0
1581435343.402;58.863;828;6205;-289;5711;0
1581435343.468;58.929;829;5978;-170;5724;0
1581435343.534;58.995;830;6210;-342;5737;0
1581435343.601;59.062;831;5909;-276;5751;0
1581435343.662;59.123;832;5870;-134;5764;0
1581435343.731;59.192;833;6251;-302;5777;0
1581435343.818;59.279;834;6007;-256;5790;0
1581435343.909;59.370;835;6029;-327;5803;0
1581435343.981;59.442;836;6187;-181;5816;0
1581435344.069;59.530;837;6067;-457;5830;0
1581435344.145;59.606;838;6239;-349;5843;0
1581435344.220;59.681;839;6250;-402;5856;0
1581435344.285;59.746;840;5917;-352;5869;0
1581435344.363;59.824;841;6198;-300;5882;0
1581435344.442;59.903;842;6313;-431;5895;0
1581435344.514;59.975;843;6018;-269;5909;0
1581435344.588;60.049;844;6298;-173;5922;0
1581435344.650;60.111;845;6323;-288;5935;0
1581435344.722;60.183;846;6369;-415;5948;0
1581435344.794;60.255;847;6021;-135;5961;0
1581435344.861;60.322;848;6279;-243;5974;0
1581435344.930;60.391;849;6444;-192;5987;0
1581435345.009;60.470;850;6250;-209;6001;0
1581435345.080;60.541;851;6052;67;6000;0
1581435345.151;60.612;852;6339;-130;6009;0
1581435345.218;60.679;853;6322;-203;6017;0
1581435345.285;60.746;854;6233;-52;6026;1
1581435345.376;60.837;855;6395;-272;6035;1
1581435345.455;60.916;856;6263;-306;6044;2
1581435345.526;60.987;857;6216;-319;6052;3
1581435345.594;61.055;858;6208;-226;6061;4
1581435345.654;61.115;859;6051;-192;6070;5
1581435345.722;61.183;860;6244;5;6078;6
1581435345.787;61.248;861;6324;-91;6087;8
1581435345.861;61.322;862;6295;-34;6095;9
1581435345.930;61.391;863;6462;-199;6104;11
1581435346.017;61.478;864;6265;61;6112;13
1581435346.084;61.545;865;6234;-182;6121;15
1581435346.156;61.617;866;6273;78;6129;17
1581435346.231;61.692;867;6486;81;6138;19
1581435346.293;61.754;868;6551;-189;6146;22
1581435346.368;61.829;869;6326;155;6155;24
1581435346.440;61.901;870;6687;-28;6163;27
1581435346.500;61.961;871;6458;35;6171;30
1581435346.566;62.027;872;6430;-87;6179;33
1581435346.632;62.093;873;6632;-74;6187;36
1581435346.709;62.170;874;6607;245;6195;40
1581435346.779;62.240;875;6459;174;6203;43
1581435346.855;62.316;876;6554;237;6211;47
1581435346.921;62.382;877;6750;1;6219;51
1581435346.989;62.450;878;6465;1;6227;54
1581435347.058;62.519;879;6629;141;6235;59
1581435347.146;62.607;880;6640;-54;6242;63
1581435347.216;62.677;881;6574;201;6250;67
1581435347.285;62.746;882;6889;163;6258;71
1581435347.354;62.815;883;6582;285;6265;76
1581435347.420;62.881;884;6463;388;6272;81
1581435347.488;62.949;885;6618;360;6280;85
1581435347.572;63.033;886;6793;333;6287;90
1581435347.643;63.104;887;6622;422;6294;95
1581435347.713;63.174;888;6594;172;6301;101
1581435347.801;63.262;889;6803;457;6308;106
1581435347.889;63.350;890;6533;414;6315;111
1581435347.962;63.423;891;6586;358;6321;117
1581435348.032;63.493;892;6744;148;6328;123
1581435348.100;63.561;893;6450;477;6335;128
1581435348.164;63.625;894;6634;363;6341;134
1581435348.254;63.715;895;6597;382;6347;140
1581435348.327;63.788;896;6633;420;6354;146
1581435348.406;63.867;897;6767;474;6360;153
1581435348.486;63.947;898;6763;187;6366;159
1581435348.570;64.031;899;6604;370;6372;165
1581435348.651;64.112;900;6653;242;6377;172
1581435348.726;64.187;901;6573;174;6383;179
1581435348.796;64.257;902;6590;161;6389;185
1581435348.866;64.327;903;6442;306;6394;192
1581435348.933;64.394;904;6743;140;6399;199
1581435348.997;64.458;905;6441;138;6405;206
1581435349.068;64.529;906;6567;107;6410;213
1581435349.130;64.591;907;6590;414;6415;220
1581435349.197;64.658;908;6702;98;6419;228
1581435349.284;64.745;909;6511;294;6424;235
1581435349.374;64.835;910;6483;424;6429;242
1581435349.455;64.916;911;6492;308;6433;250
1581435349.516;64.977;912;6455;395;6437;258
1581435349.580;65.041;913;6809;594;6441;265
1581435349.649;65.110;914;6833;88;6446;273
1581435349.734;65.195;915;6437;137;6449;281
1581435349.803;65.264;916;6752;270;6453;289
1581435349.878;65.339;917;6653;273;6457;297
1581435349.947;65.408;918;6529;457;6460;305
1581435350.014;65.475;919;6659;155;6464;313
1581435350.083;65.544;920;6541;148;6467;321
1581435350.175;65.636;921;6657;265;6470;329
1581435350.253;65.714;922;6554;170;6473;337
1581435350.319;65.780;923;6789;511;6476;345
1581435350.392;65.853;924;6861;586;6478;354
1581435350.464;65.925;925;6584;512;6481;362
1581435350.541;66.002;926;6881;446;6483;371
1581435350.612;66.073;927;6714;394;6485;379
1581435350.688;66.149;928;6610;488;6487;388
1581435350.759;66.220;929;6708;654;6489;396
1581435350.829;66.290;930;6716;319;6491;405
1581435350.908;66.369;931;6877;315;6492;413
1581435350.993;66.454;932;6845;461;6494;422
1581435351.077;66.538;933;6861;506;6495;430
1581435351.148;66.609;934;6741;596;6496;439
1581435351.216;66.677;935;6655;476;6497;448
1581435351.296;66.757;936;6682;544;6498;456
1581435351.389;66.850;937;6698;618;6499;465
1581435351.475;66.936;938;6624;527;6499;474
1581435351.544;67.005;939;6644;449;6500;483
1581435351.614;67.075;940;6808;612;6500;491
1581435351.682;67.143;941;6575;705;6500;500
1581435351.746;67.207;942;6714;472;6500;509
1581435351.835;67.296;943;6767;483;6500;517
1581435351.916;67.377;944;6836;801;6499;526
1581435351.986;67.447;945;6645;511;6499;535
1581435352.074;67.535;946;6666;709;6498;544
1581435352.147;67.608;947;6407;696;6497;552
1581435352.213;67.674;948;6844;1007;6496;561
1581435352.285;67.746;949;6569;488;6495;570
1581435352.346;67.807;950;6418;667;6494;578
1581435352.415;67.876;951;6674;775;6492;587
1581435352.510;67.971;952;6503;647;6491;595
1581435352.582;68.043;953;6401;571;6489;604
1581435352.650;68.111;954;6583;752;6487;612
1581435352.717;68.178;955;6454;587;6485;621
1581435352.783;68.244;956;6580;887;6483;629
1581435352.855;68.316;957;6666;888;6481;638
1581435352.927;68.388;958;6387;531;6478;646
1581435352.995;68.456;959;6435;772;6476;655
1581435353.062;68.523;960;6374;760;6473;663
1581435353.134;68.595;961;6493;761;6470;671
1581435353.205;68.666;962;6504;838;6467;679
1581435353.276;68.737;963;6349;613;6464;687
1581435353.353;68.814;964;6583;711;6460;695
1581435353.421;68.882;965;6292;767;6457;703
1581435353.489;68.950;966;6494;687;6453;711
1581435353.560;69.021;967;6407;716;6449;719
1581435353.629;69.090;968;6222;931;6446;727
1581435353.707;69.168;969;6441;962;6441;735
1581435353.783;69.244;970;6537;819;6437;742
1581435353.855;69.316;971;6416;847;6433;750
1581435353.915;69.376;972;6400;795;6429;758
1581435354.004;69.465;973;6380;637;6424;765
1581435354.076;69.537;974;6413;945;6419;772
1581435354.156;69.617;975;6320;844;6415;780
1581435354.223;69.684;976;6473;1001;6410;787
1581435354.295;69.756;977;6423;705;6405;794
1581435354.362;69.823;978;6268;764;6399;801
1581435354.432;69.893;979;6103;923;6394;808
1581435354.499;69.960;980;6240;1006;6389;815
1581435354.566;70.027;981;6413;706;6383;821
1581435354.628;70.089;982;6260;981;6377;828
1581435354.706;70.167;983;6314;714;6372;835
1581435354.777;70.238;984;6293;886;6366;841
1581435354.867;70.328;985;6262;774;6360;847
1581435354.945;70.406;986;6331;1001;6354;854
1581435355.012;70.473;987;5998;681;6347;860
1581435355.076;70.537;988;6103;1045;6341;866
1581435355.148;70.609;989;6122;902;6335;872
1581435355.214;70.675;990;6275;765;6328;877
1581435355.276;70.737;991;5998;1015;6321;883
1581435355.350;70.811;992;5964;825;6315;889
1581435355.422;70.883;993;6170;894;6308;894
1581435355.498;70.959;994;6040;823;6301;899
1581435355.567;71.028;995;6052;663;6294;905
1581435355.636;71.097;996;6171;711;6287;910
1581435355.707;71.168;997;5945;683;6280;915
1581435355.776;71.237;998;5983;940;6272;919
1581435355.852;71.313;999;5997;650;6265;924
1581435355.922;71.383;1000;6163;952;6258;929
1581435355.995;71.456;1001;6102;849;6250;933
1581435356.070;71.531;1002;6149;798;6242;937
1581435356.145;71.606;1003;6161;875;6235;941
1581435356.212;71.673;1004;5914;915;6227;946
1581435356.281;71.742;1005;6189;884;6219;949
1581435356.354;71.815;1006;6190;703;6211;953
1581435356.438;71.899;1007;6169;696;6203;957
1581435356.504;71.965;1008;6046;784;6195;960
1581435356.575;72.036;1009;6083;671;6187;964
1581435356.645;72.106;1010;6182;651;6179;967
1581435356.714;72.175;1011;5935;615;6171;970
1581435356.781;72.242;1012;6000;830;6163;973
1581435356.878;72.339;1013;5957;743;6155;976
1581435356.956;72.417;1014;5868;830;6146;978
1581435357.026;72.487;1015;6006;817;6138;981
1581435357.090;72.551;1016;5882;787;6129;983
1581435357.152;72.613;1017;6033;896;6121;985
1581435357.221;72.682;1018;5890;650;6112;987
1581435357.306;72.767;1019;5873;659;6104;989
1581435357.381;72.842;1020;5955;702;6095;991
1581435357.459;72.920;1021;6052;839;6087;992
1581435357.530;72.991;1022;5799;878;6078;994
1581435357.597;73.058;1023;5831;667;6070;995
1581435357.667;73.128;1024;5783;545;6061;996
1581435357.736;73.197;1025;5847;645;6052;997
1581435357.807;73.268;1026;5674;905;6044;998
1581435357.878;73.339;1027;5808;541;6035;999
1581435357.943;73.404;1028;5691;567;6026;999
1581435358.011;73.472;1029;5860;685;6017;1000
1581435358.085;73.546;1030;5895;750;6009;1000
1581435358.159;73.620;1031;5848;765;6000;1000
1581435358.224;73.685;1032;5748;746;5987;1000
1581435358.300;73.761;1033;5812;780;5974;1000
1581435358.377;73.838;1034;5753;473;5961;1000
1581435358.448;73.909;1035;5739;714;5947;1000
1581435358.518;73.979;1036;5506;486;5934;1000
1581435358.588;74.049;1037;5703;778;5921;1000
1581435358.657;74.118;1038;5717;772;5908;1000
1581435358.730;74.191;1039;5724;943;5895;1000
1581435358.798;74.259;1040;5482;916;5882;1000
1581435358.871;74.332;1041;5620;678;5868;1000
1581435358.944;74.405;1042;5669;600;5855;1000
1581435359.013;74.474;1043;5624;884;5842;1000
1581435359.084;74.545;1044;5659;822;5829;1000
1581435359.162;74.623;1045;5659;630;5816;1000
1581435359.230;74.691;1046;5603;757;5803;1000
1581435359.296;74.757;1047;5390;906;5789;1000
1581435359.366;74.827;1048;5434;803;5776;1000
1581435359.432;74.893;1049;5441;911;5763;1000
1581435359.498;74.959;1050;5630;694;5750;1000
1581435359.565;75.026;1051;5385;563;5737;1000
1581435359.636;75.097;1052;5361;711;5724;1000
1581435359.703;75.164;1053;5583;808;5710;1000
1581435359.787;75.248;1054;5545;760;5697;1000
1581435359.870;75.331;1055;5354;546;5684;1000
1581435359.940;75.401;1056;5387;773;5671;1000
1581435360.004;75.465;1057;5473;678;5658;1000
1581435360.075;75.536;1058;5576;955;5645;1000
1581435360.147;75.608;1059;5283;761;5632;1000
1581435360.221;75.682;1060;5483;681;5618;1000
1581435360.291;75.752;1061;5357;827;5605;1000
1581435360.363;75.824;1062;5418;907;5592;1000
1581435360.433;75.894;1063;5383;767;5579;1000
1581435360.505;75.966;1064;5548;684;5566;1000
1581435360.574;76.035;1065;5450;637;5553;1000
1581435360.646;76.107;1066;5352;1020;5539;1000
1581435360.708;76.169;1067;5387;685;5526;1000
1581435360.777;76.238;1068;5349;591;5513;1000
1581435360.854;76.315;1069;5416;774;5500;1000
1581435360.925;76.386;1070;5239;884;5487;1000
1581435360.988;76.449;1071;5392;710;5474;1000
1581435361.061;76.522;1072;5228;790;5460;1000
1581435361.131;76.592;1073;5364;882;5447;1000
1581435361.204;76.665;1074;5199;983;5434;1000
1581435361.273;76.734;1075;5162;971;5421;1000
1581435361.350;76.811;1076;5000;655;5408;1000
1581435361.418;76.879;1077;5317;650;5395;1000
1581435361.484;76.945;1078;5343;810;5381;1000
1581435361.551;77.012;1079;5005;1006;5368;1000
1581435361.622;77.083;1080;5039;779;5355;1000
1581435361.709;77.170;1081;4951;691;5342;1000
1581435361.785;77.246;1082;4920;615;5329;1000
1581435361.861;77.322;1083;4954;767;5316;1000
1581435361.940;77.401;1084;5136;1028;5303;1000
1581435362.021;77.482;1085;5242;759;5289;1000
1581435362.108;77.569;1086;4906;808;5276;1000
1581435362.192;77.653;1087;5153;769;5263;1000
1581435362.265;77.726;1088;5089;693;5250;1000
1581435362.339;77.800;1089;4881;724;5237;1000
1581435362.413;77.874;1090;4904;840;5224;1000
1581435362.498;77.959;1091;4911;896;5210;1000
1581435362.564;78.025;1092;4919;659;5197;1000
1581435362.630;78.091;1093;4709;819;5184;1000
1581435362.694;78.155;1094;4759;876;5171;1000
1581435362.763;78.224;1095;4885;722;5158;1000
1581435362.839;78.300;1096;4740;918;5145;1000
1581435362.909;78.370;1097;4845;539;5131;1000
1581435362.976;78.437;1098;4896;859;5118;1000
1581435363.050;78.511;1099;4744;852;5105;1000
1581435363.125;78.586;1100;4861;689;5092;1000
1581435363.203;78.664;1101;4730;777;5079;1000
1581435363.287;78.748;1102;4765;853;5066;1000
1581435363.359;78.820;1103;4686;659;5052;1000
1581435363.436;78.897;1104;4743;753;5000;1000
1581435363.504;78.965;1105;4709;757;4990;1000
1581435363.578;79.039;1106;4711;721;4980;1000
1581435363.645;79.106;1107;4851;884;4971;1000
1581435363.735;79.196;1108;4681;946;4961;1001
1581435363.810;79.271;1109;4895;891;4951;1001
1581435363.880;79.341;1110;4701;699;4941;1002
1581435363.943;79.404;1111;4785;950;4932;1002
1581435364.009;79.470;1112;4790;713;4922;1003
1581435364.080;79.541;1113;4461;931;4912;1004
1581435364.169;79.630;1114;4853;830;4903;1005
1581435364.242;79.703;1115;4595;692;4893;1006
1581435364.314;79.775;1116;4621;898;4883;1007
1581435364.380;79.841;1117;4812;804;4874;1008
1581435364.452;79.913;1118;4685;761;4864;1009
1581435364.522;79.983;1119;4488;953;4854;1011
1581435364.596;80.057;1120;4695;719;4845;1012
1581435364.659;80.120;1121;4727;743;4835;1014
1581435364.742;80.203;1122;4607;747;4825;1015
1581435364.816;80.277;1123;4428;811;4816;1017
1581435364.890;80.351;1124;4439;985;4806;1019
1581435364.981;80.442;1125;4548;821;4797;1021
1581435365.054;80.515;1126;4662;771;4787;1023
1581435365.126;80.587;1127;4475;706;4777;1025
1581435365.224;80.685;1128;4655;802;4768;1027
1581435365.292;80.753;1129;4381;1006;4758;1030
1581435365.363;80.824;1130;4541;509;4749;1032
1581435365.432;80.893;1131;4662;863;4740;1034
1581435365.523;80.984;1132;4724;991;4730;1037
1581435365.594;81.055;1133;4539;798;4721;1040
1581435365.661;81.122;1134;4448;944;4711;1043
1581435365.724;81.185;1135;4627;746;4702;1045
1581435365.794;81.255;1136;4717;821;4693;1048
1581435365.907;81.368;1137;4453;982;4684;1051
1581435365.975;81.436;1138;4563;651;4674;1055
1581435366.042;81.503;1139;4660;877;4665;1058
1581435366.116;81.577;1140;4714;852;4656;1061
1581435366.183;81.644;1141;4547;908;4647;1064
1581435366.259;81.720;1142;4617;687;4638;1068
1581435366.322;81.783;1143;4394;841;4629;1072
1581435366.403;81.864;1144;4477;1178;4620;1075
1581435366.476;81.937;1145;4498;1332;4611;1079
1581435366.540;82.001;1146;4498;1194;4602;1083
1581435366.598;82.059;1147;4359;1204;4593;1087
1581435366.664;82.125;1148;4545;1239;4584;1091
1581435366.744;82.205;1149;4262;970;4575;1095
1581435366.812;82.273;1150;4512;1130;4566;1099
1581435366.890;82.351;1151;4341;945;4557;1103
1581435366.978;82.439;1152;4562;1068;4549;1108
1581435367.045;82.506;1153;4398;898;4540;1112
1581435367.112;82.573;1154;4213;799;4531;1117
1581435367.178;82.639;1155;4540;1124;4523;1121
1581435367.266;82.727;1156;4346;1033;4514;1126
1581435367.333;82.794;1157;4489;931;4506;1131
1581435367.408;82.869;1158;4455;1111;4497;1136
1581435367.478;82.939;1159;4459;1110;4489;1141
1581435367.544;83.005;1160;4216;950;4480;1146
1581435367.606;83.067;1161;4206;1208;4472;1151
1581435367.676;83.137;1162;4267;1148;4464;1156
1581435367.742;83.203;1163;4122;1092;4456;1161
1581435367.808;83.269;1164;4277;800;4447;1167
1581435367.876;83.337;1165;4365;1026;4439;1172
1581435367.945;83.406;1166;4524;1088;4431;1177
1581435368.011;83.472;1167;4585;1002;4423;1183
1581435368.078;83.539;1168;4630;867;4415;1189
1581435368.149;83.610;1169;4246;707;4407;1194
1581435368.216;83.677;1170;4289;1072;4400;1200
1581435368.284;83.745;1171;4594;1197;4392;1206
1581435368.359;83.820;1172;4613;1012;4384;1212
1581435368.452;83.913;1173;4678;1245;4377;1218
1581435368.521;83.982;1174;4707;1058;4369;1224
1581435368.590;84.051;1175;4648;1069;4361;1230
1581435368.661;84.122;1176;4626;918;4354;1237
1581435368.746;84.207;1177;4436;864;4346;1243
1581435368.808;84.269;1178;4434;928;4339;1250
1581435368.879;84.340;1179;4529;803;4332;1256
1581435368.962;84.423;1180;4368;855;4325;1263
1581435369.029;84.490;1181;4398;973;4317;1269
1581435369.106;84.567;1182;4548;1085;4310;1276
1581435369.174;84.635;1183;4441;978;4303;1283
1581435369.244;84.705;1184;4822;861;4296;1289
1581435369.335;84.796;1185;4781;755;4289;1296
1581435369.427;84.888;1186;4110;961;4283;1303
1581435369.495;84.956;1187;4181;1372;4276;1310
1581435369.572;85.033;1188;3901;1297;4269;1317
1581435369.641;85.102;1189;3959;1285;4263;1325
1581435369.710;85.171;1190;4338;1148;4256;1332
1581435369.779;85.240;1191;4212;1258;4250;1339
1581435369.853;85.314;1192;3998;1571;4243;1346
1581435369.943;85.404;1193;4137;1545;4237;1354
1581435370.018;85.479;1194;3932;1427;4230;1361
1581435370.088;85.549;1195;4226;1382;4224;1369
1581435370.217;85.678;1196;3871;1530;4218;1377
1581435370.302;85.763;1197;3898;1462;4212;1384
1581435370.377;85.838;1198;4065;1643;4206;1392
1581435370.462;85.923;1199;3997;1484;4200;1400
1581435370.547;86.008;1200;3984;1569;4194;1407
1581435370.614;86.075;1201;4176;1527;4189;1415
1581435370.681;86.142;1202;3967;1550;4183;1423
1581435370.753;86.214;1203;3907;1650;4177;1431
1581435370.824;86.285;1204;3868;1494;4172;1439
1581435370.894;86.355;1205;4103;1492;4167;1447
1581435370.963;86.424;1206;4218;1679;4161;1456
1581435371.036;86.497;1207;3819;1483;4156;1464
1581435371.106;86.567;1208;4120;1725;4151;1472
1581435371.178;86.639;1209;4190;1627;4146;1480
1581435371.244;86.705;1210;4051;1503;4141;1489
1581435371.311;86.772;1211;4087;1569;4136;1497
1581435371.390;86.851;1212;4068;1422;4131;1506
1581435371.464;86.925;1213;4219;1525;4126;1514
1581435371.531;86.992;1214;4158;1424;4121;1523
1581435371.593;87.054;1215;4037;1536;4117;1531
1581435371.659;87.120;1216;3882;1665;4112;1540
1581435371.725;87.186;1217;3879;1780;4108;1549
1581435371.788;87.249;1218;3769;1563;4103;1557
1581435371.860;87.321;1219;3774;1581;4099;1566
1581435371.927;87.388;1220;3826;1682;4095;1575
1581435372.001;87.462;1221;4087;1910;4091;1584
1581435372.072;87.533;1222;3834;1678;4087;1593
1581435372.142;87.603;1223;4094;1653;4083;1602
1581435372.221;87.682;1224;3912;1936;4079;1611
1581435372.290;87.751;1225;4094;1983;4075;1620
1581435372.363;87.824;1226;4015;1991;4072;1629
1581435372.430;87.891;1227;3855;2063;4068;1638
1581435372.502;87.963;1228;3979;2110;4064;1647
1581435372.578;88.039;1229;4031;2096;4061;1656
1581435372.647;88.108;1230;3799;1788;4058;1665
1581435372.719;88.180;1231;3884;1548;4055;1674
1581435372.794;88.255;1232;4329;944;4051;1684
1581435372.872;88.333;1233;4508;1046;4048;1693
1581435372.940;88.401;1234;4290;1116;4045;1702
1581435373.013;88.474;1235;3780;1752;4043;1711
1581435373.096;88.557;1236;4316;952;4040;1721
1581435373.176;88.637;1237;3972;1691;4037;1730
1581435373.244;88.705;1238;3958;2122;4034;1740
1581435373.311;88.772;1239;3931;1767;4032;1749
1581435373.385;88.846;1240;4162;1764;4030;1758
1581435373.458;88.919;1241;4224;1791;4027;1768
1581435373.526;88.987;1242;4128;1283;4025;1777
1581435373.615;89.076;1243;4376;1542;4023;1787
1581435373.682;89.143;1244;4362;1475;4021;1797
1581435373.755;89.216;1245;4109;1427;4019;1806
1581435373.824;89.285;1246;4354;1529;4017;1816
1581435373.899;89.360;1247;4234;1739;4015;1825
1581435373.971;89.432;1248;4034;1526;4014;1835
1581435374.039;89.500;1249;4105;2145;4012;1845
1581435374.111;89.572;1250;4036;2344;4011;1854
1581435374.177;89.638;1251;4130;2071;4009;1864
1581435374.244;89.705;1252;3801;2205;4008;1874
1581435374.310;89.771;1253;3926;2032;4007;1883
1581435374.455;89.916;1254;3823;2114;4005;1903
1581435374.525;89.986;1255;3878;2052;4004;1912
1581435374.596;90.057;1256;4157;2160;4003;1922
1581435374.666;90.127;1257;4145;2078;4002;1932
1581435374.738;90.199;1258;3995;2167;4002;1941
1581435374.806;90.267;1259;4116;1934;4001;1951
1581435374.879;90.340;1260;4207;1904;4001;1961
1581435374.951;90.412;1261;4079;2172;4000;1971
1581435375.022;90.483;1262;4050;2133;4000;1980
1581435375.090;90.551;1263;4097;2253;4000;1990
1581435375.187;90.648;1264;4018;2451;4000;2000
1581435375.258;90.719;1265;4104;2424;4000;2013
1581435375.326;90.787;1266;3848;2374;4000;2026
1581435375.398;90.859;1267;4074;2515;4000;2039
1581435375.469;90.930;1268;4056;2412;4000;2053
1581435375.542;91.003;1269;4039;2483;4000;2066
1581435375.627;91.088;1270;4168;2533;4000;2079
1581435375.695;91.156;1271;4163;2564;4000;2092
1581435375.758;91.219;1272;4429;2205;4000;2105
1581435375.825;91.286;1273;4267;2376;4000;2118
1581435375.897;91.358;1274;4261;2322;4000;2132
1581435375.958;91.419;1275;3990;2295;4000;2145
1581435376.025;91.486;1276;4148;2254;4000;2158
1581435376.096;91.557;1277;4213;2282;4000;2171
1581435376.162;91.623;1278;3990;2588;4000;2184
1581435376.229;91.690;1279;4133;2620;4000;2197
1581435376.298;91.759;1280;3976;2727;4000;2211
1581435376.377;91.838;1281;4130;2337;4000;2224
1581435376.452;91.913;1282;3996;2429;4000;2237
1581435376.522;91.983;1283;4158;2536;4000;2250
1581435376.603;92.064;1284;3991;2496;4000;2263
1581435376.672;92.133;1285;4062;2540;4000;2276
1581435376.738;92.199;1286;4083;2615;4000;2290
1581435376.803;92.264;1287;4238;2579;4000;2303
1581435376.880;92.341;1288;3919;2639;4000;2316
1581435376.948;92.409;1289;4183;2376;4000;2329
1581435377.037;92.498;1290;4082;2497;4000;2342
1581435377.105;92.566;1291;4055;2708;4000;2355
1581435377.172;92.633;1292;3970;2631;4000;2368
1581435377.239;92.700;1293;4213;2568;4000;2382
1581435377.314;92.775;1294;4203;2852;4000;2395
1581435377.385;92.846;1295;3852;2919;4000;2408
1581435377.472;92.933;1296;4224;2710;4000;2421
1581435377.538;92.999;1297;3861;2661;4000;2434
1581435377.607;93.068;1298;4058;2600;4000;2447
1581435377.674;93.135;1299;4024;2942;4000;2461
1581435377.742;93.203;1300;3886;2677;4000;2474
1581435377.808;93.269;1301;4043;2629;4000;2487
1581435377.883;93.344;1302;4129;2804;4000;2500
1581435377.955;93.416;1303;3927;2632;4000;2513
1581435378.023;93.484;1304;3967;2638;4000;2526
1581435378.088;93.549;1305;3871;2987;4000;2540
1581435378.158;93.619;1306;3847;3056;4000;2553
1581435378.226;93.687;1307;4104;2860;4000;2566
1581435378.316;93.777;1308;4143;2731;4000;2579
1581435378.397;93.858;1309;3887;2961;4000;2592
1581435378.470;93.931;1310;4187;2978;4000;2605
1581435378.541;94.002;1311;4070;3103;4000;2619
1581435378.608;94.069;1312;3956;2742;4000;2632
1581435378.670;94.131;1313;3862;2899;4000;2645
1581435378.740;94.201;1314;3863;3162;4000;2658
1581435378.807;94.268;1315;4055;3001;4000;2671
1581435378.878;94.339;1316;3930;3058;4000;2684
1581435378.943;94.404;1317;4015;3010;4000;2697
1581435379.009;94.470;1318;4133;2820;4000;2711
1581435379.074;94.535;1319;4108;2962;4000;2724
1581435379.140;94.601;1320;3841;2834;4000;2737
1581435379.211;94.672;1321;3928;2873;4000;2750
1581435379.278;94.739;1322;4139;2825;4000;2763
1581435379.341;94.802;1323;4068;2854;4000;2776
1581435379.408;94.869;1324;3961;2897;4000;2790
1581435379.473;94.934;1325;3858;3075;4000;2803
1581435379.541;95.002;1326;3866;3084;4000;2816
1581435379.607;95.068;1327;3797;2928;4000;2829
1581435379.674;95.135;1328;3984;3148;4000;2842
1581435379.741;95.202;1329;4012;3135;4000;2855
1581435379.825;95.286;1330;4055;3212;4000;2869
1581435379.913;95.374;1331;4156;2963;4000;2882
1581435379.983;95.444;1332;4098;3118;4000;2895
1581435380.042;95.503;1333;4108;3002;4000;2908
1581435380.119;95.580;1334;3989;3045;4000;2921
1581435380.188;95.649;1335;4052;3304;4000;2934
1581435380.262;95.723;1336;3943;3500;4000;2948
1581435380.342;95.803;1337;3879;3211;4000;2961
1581435380.437;95.898;1338;4092;3276;4000;2974
1581435380.504;95.965;1339;3947;3603;4000;2987
1581435380.567;96.028;1340;4030;3490;4000;3000
1581435380.642;96.103;1341;3763;3328;4000;3000
1581435380.708;96.169;1342;3741;3280;4000;3013
1581435380.776;96.237;1343;3781;3489;4000;3026
1581435380.849;96.310;1344;3800;3382;3999;3038
1581435380.930;96.391;1345;3944;3287;3999;3051
1581435381.001;96.462;1346;3765;3552;3998;3064
1581435381.059;96.520;1347;4077;3711;3997;3077
1581435381.132;96.593;1348;3817;3640;3996;3089
1581435381.203;96.664;1349;3771;3440;3995;3102
1581435381.273;96.734;1350;3871;3802;3993;3115
1581435381.362;96.823;1351;3768;3422;3992;3127
1581435381.444;96.905;1352;3850;3549;3990;3140
1581435381.521;96.982;1353;3868;3575;3988;3153
1581435381.588;97.049;1354;3759;3550;3986;3165
1581435381.654;97.115;1355;3982;3808;3984;3178
1581435381.724;97.185;1356;3777;3736;3982;3190
1581435381.791;97.252;1357;3865;3703;3979;3203
1581435381.878;97.339;1358;3640;3689;3977;3215
1581435381.953;97.414;1359;3881;4070;3974;3228
1581435382.024;97.485;1360;3714;3689;3971;3240
1581435382.091;97.552;1361;3837;3927;3968;3253
1581435382.166;97.627;1362;3734;3709;3964;3265
1581435382.238;97.699;1363;3684;3880;3961;3277
1581435382.308;97.769;1364;3632;3866;3957;3290
1581435382.382;97.843;1365;3876;4062;3953;3302
1581435382.502;97.963;1366;3576;3675;3949;3314
1581435382.571;98.032;1367;3823;3761;3945;3326
1581435382.638;98.099;1368;3870;4112;3941;3338
1581435382.701;98.162;1369;3826;3969;3937;3350
1581435382.777;98.238;1370;3540;2977;3932;3362
1581435382.836;98.297;1371;3627;4278;3928;3374
1581435382.904;98.365;1372;3582;3972;3923;3386
1581435382.996;98.457;1373;3740;3593;3918;3397
1581435383.069;98.530;1374;3688;3854;3913;3409
1581435383.144;98.605;1375;3748;3529;3907;3421
1581435383.216;98.677;1376;3732;3644;3902;3432
1581435383.288;98.749;1377;3519;3590;3896;3444
1581435383.362;98.823;1378;3783;3744;3890;3455
1581435383.451;98.912;1379;3472;3875;3885;3466
1581435383.513;98.974;1380;3819;3781;3879;3478
1581435383.585;99.046;1381;3617;3891;3872;3489
1581435383.648;99.109;1382;3602;4018;3866;3500
1581435383.806;99.267;1383;3689;3954;3853;3522
1581435383.894;99.355;1384;3732;3761;3846;3533
1581435383.981;99.442;1385;3712;3612;3839;3544
1581435384.051;99.512;1386;3457;3868;3832;3554
1581435384.126;99.587;1387;3793;3685;3825;3565
1581435384.219;99.680;1388;3728;4070;3818;3575
1581435384.310;99.771;1389;3762;3824;3811;3586
1581435384.381;99.842;1390;3746;3558;3803;3596
1581435384.457;99.918;1391;3635;3825;3795;3606
1581435384.518;99.979;1392;3575;3756;3787;3616
1581435384.588;100.049;1393;3746;3837;3780;3626
1581435384.656;100.117;1394;3593;4145;3771;3636
1581435384.728;100.189;1395;3718;3873;3763;3646
1581435384.797;100.258;1396;3659;3922;3755;3656
1581435384.870;100.331;1397;3460;3968;3747;3665
1581435384.937;100.398;1398;3575;4028;3738;3675
1581435385.005;100.466;1399;3572;4273;3729;3684
1581435385.073;100.534;1400;3391;3860;3721;3693
1581435385.147;100.608;1401;3532;4062;3712;3703
1581435385.206;100.667;1402;3500;4203;3703;3712
1581435385.273;100.734;1403;3481;4125;3693;3721
1581435385.341;100.802;1404;3510;4159;3684;3729
1581435385.417;100.878;1405;3455;4085;3675;3738
1581435385.486;100.947;1406;3382;3958;3665;3747
1581435385.555;101.016;1407;3281;4161;3656;3755
1581435385.622;101.083;1408;3432;4082;3646;3763
1581435385.689;101.150;1409;3538;4375;3636;3771
1581435385.802;101.263;1410;3297;4191;3626;3780
1581435385.885;101.346;1411;3399;4044;3616;3787
1581435385.954;101.415;1412;3470;4287;3606;3795
1581435386.020;101.481;1413;3377;4112;3596;3803
1581435386.091;101.552;1414;3603;3913;3586;3811
1581435386.164;101.625;1415;3268;4205;3575;3818
1581435386.235;101.696;1416;3535;3977;3565;3825
1581435386.309;101.770;1417;3616;4263;3554;3832
1581435386.380;101.841;1418;3444;4036;3544;3839
1581435386.456;101.917;1419;3096;4311;3533;3846
1581435386.527;101.988;1420;3175;4078;3522;3853
1581435386.593;102.054;1421;3408;4018;3511;3860
1581435386.663;102.124;1422;3130;3946;3500;3866
1581435386.733;102.194;1423;3321;4275;3489;3872
1581435386.799;102.260;1424;3479;3971;3478;3879
1581435386.873;102.334;1425;3424;4080;3466;3885
1581435386.936;102.397;1426;3364;4093;3455;3890
1581435387.004;102.465;1427;3405;3989;3444;3896
1581435387.077;102.538;1428;3325;4296;3432;3902
1581435387.165;102.626;1429;3301;4442;3421;3907
1581435387.251;102.712;1430;3402;4218;3409;3913
1581435387.337;102.798;1431;3475;4737;3397;3918
1581435387.418;102.879;1432;3061;4095;3386;3923
1581435387.484;102.945;1433;3152;4406;3374;3928
1581435387.553;103.014;1434;3256;4015;3362;3932
1581435387.615;103.076;1435;2974;4285;3350;3937
1581435387.676;103.137;1436;2951;4305;3338;3941
1581435387.748;103.209;1437;2924;4318;3326;3945
1581435387.812;103.273;1438;3203;4238;3314;3949
1581435387.888;103.349;1439;3203;4030;3302;3953
1581435387.958;103.419;1440;3031;3943;3290;3957
1581435388.027;103.488;1441;3103;2648;3277;3961
1581435388.099;103.560;1442;3275;4225;3265;3964
1581435388.172;103.633;1443;3010;4124;3253;3968
1581435388.246;103.707;1444;2989;4061;3240;3971
1581435388.319;103.780;1445;3166;4017;3228;3974
1581435388.394;103.855;1446;3043;4287;3215;3977
1581435388.464;103.925;1447;2992;4015;3203;3979
1581435388.533;103.994;1448;3140;4190;3190;3982
1581435388.604;104.065;1449;2984;3918;3178;3984
1581435388.669;104.130;1450;3160;3950;3165;3986
1581435388.749;104.210;1451;3006;3390;3153;3988
1581435388.834;104.295;1452;3048;4054;3140;3990
1581435388.911;104.372;1453;2793;3818;3127;3992
1581435388.980;104.441;1454;3027;3937;3115;3993
1581435389.049;104.510;1455;2902;3825;3102;3995
1581435389.124;104.585;1456;3331;3967;3089;3996
1581435389.209;104.670;1457;2963;3822;3077;3997
1581435389.281;104.742;1458;3131;3987;3064;3998
1581435389.369;104.830;1459;3064;3895;3051;3999
1581435389.448;104.909;1460;2990;4162;3038;3999
1581435389.521;104.982;1461;2917;4170;3026;4000
1581435389.589;105.050;1462;3120;3941;3013;4000
1581435389.656;105.117;1463;2723;3832;3000;4000
1581435389.723;105.184;1464;2650;3931;2987;4000
1581435389.794;105.255;1465;3011;3977;2974;4000
1581435389.869;105.330;1466;3029;3825;2961;4000
1581435389.936;105.397;1467;3030;4003;2947;4000
1581435390.005;105.466;1468;2821;4169;2934;4000
1581435390.071;105.532;1469;2746;3986;2921;4000
1581435390.136;105.597;1470;3059;4023;2908;4000
1581435390.206;105.667;1471;2679;3690;2895;4000
1581435390.272;105.733;1472;2654;4074;2882;4000
1581435390.358;105.819;1473;2824;4011;2868;4000
1581435390.448;105.909;1474;2909;3968;2855;4000
1581435390.518;105.979;1475;2913;4202;2842;4000
1581435390.587;106.048;1476;2898;4147;2829;4000
1581435390.654;106.115;1477;2790;4170;2816;4000
1581435390.721;106.182;1478;2747;4058;2803;4000
1581435390.788;106.249;1479;2722;4280;2789;4000
1581435390.854;106.315;1480;2718;4261;2776;4000
1581435390.923;106.384;1481;2541;4101;2763;4000
1581435390.989;106.450;1482;2634;4245;2750;4000
1581435391.054;106.515;1483;2692;4228;2737;4000
1581435391.120;106.581;1484;2764;4279;2724;4000
1581435391.185;106.646;1485;2684;4175;2710;4000
1581435391.255;106.716;1486;2301;4077;2697;4000
1581435391.323;106.784;1487;2364;4463;2684;4000
1581435391.401;106.862;1488;2522;4051;2671;4000
1581435391.468;106.929;1489;2549;4068;2658;4000
1581435391.536;106.997;1490;2742;4068;2645;4000
1581435391.623;107.084;1491;2736;4222;2632;4000
1581435391.707;107.168;1492;2674;3996;2618;4000
1581435391.781;107.242;1493;2712;4105;2605;4000
1581435391.851;107.312;1494;2222;3925;2592;4000
1581435391.922;107.383;1495;2590;3967;2579;4000
1581435391.989;107.450;1496;2522;3800;2566;4000
1581435392.054;107.515;1497;2668;4136;2553;4000
1581435392.128;107.589;1498;2586;3861;2539;4000
1581435392.202;107.663;1499;2487;3966;2526;4000
1581435392.265;107.726;1500;2559;3930;2513;4000
1581435392.334;107.795;1501;2271;4199;2500;4000
1581435392.427;107.888;1502;2304;4067;2487;4000
1581435392.496;107.957;1503;2395;4177;2474;4000
1581435392.566;108.027;1504;2515;4343;2460;4000
1581435392.631;108.092;1505;2178;4227;2447;4000
1581435392.703;108.164;1506;2215;4172;2434;4000
1581435392.766;108.227;1507;2117;4245;2421;4000
1581435392.834;108.295;1508;2065;4501;2408;4000
1581435392.904;108.365;1509;2003;4302;2395;4000
1581435392.972;108.433;1510;2273;4544;2381;4000
1581435393.034;108.495;1511;2271;4377;2368;4000
1581435393.108;108.569;1512;2135;4350;2355;4000
1581435393.170;108.631;1513;2335;4528;2342;4000
1581435393.247;108.708;1514;1863;4654;2329;4000
1581435393.340;108.801;1515;2273;4522;2316;4000
1581435393.409;108.870;1516;1987;4615;2303;4000
1581435393.481;108.942;1517;2086;4388;2289;4000
1581435393.560;109.021;1518;2359;4268;2276;4000
1581435393.632;109.093;1519;1889;4306;2263;4000
1581435393.703;109.164;1520;2295;4373;2250;4000
1581435393.774;109.235;1521;1947;4317;2237;4000
1581435393.904;109.365;1522;2138;4045;2224;4000
1581435393.972;109.433;1523;2021;4155;2210;4000
1581435394.038;109.499;1524;2036;4206;2197;4000
1581435394.108;109.569;1525;2058;4388;2184;4000
1581435394.177;109.638;1526;1990;4037;2171;4000
1581435394.251;109.712;1527;2110;4207;2158;4000
1581435394.320;109.781;1528;1973;4404;2145;4000
1581435394.394;109.855;1529;2031;4102;2131;4000
1581435394.459;109.920;1530;2081;4315;2118;4000
1581435394.528;109.989;1531;1912;4271;2105;4000
1581435394.589;110.050;1532;2161;4186;2092;4000
1581435394.659;110.120;1533;2190;4118;2079;4000